trial,policy,scenario,station_x_m,station_y_m,target_x_m,target_y_m,q_x_m,q_y_m,receive_radius_m,move_m,decision_time_ms,safe_certified,safe_margin_m,conditional_worst_mec_radius_m,conditional_worst_diameter_m,conditional_worst_area_m2,conservative_worst_mec_radius_m,detected,near,area_m2,diameter_m,mec_radius_m,contains_truth
0,minimax_mec,global_random,29.08900059877044,-721.632782512681,-253.20294154616545,-688.3861856439603,-867.0695466821252,-1165.3667772938811,1361.7052621429216,999.9999999945437,2682.319417,1,5.438323569251224e-09,55.82116325800529,111.6423265160104,2166.4087862307206,55.82116325800529,1,0,373.95602416771,50.477429754246664,25.238714877123332,1
0,analytic_far_range,global_random,29.08900059877044,-721.632782512681,-253.20294154616545,-688.3861856439603,-932.3541729003406,-996.6364627279797,1361.7052621429216,1000.0,0.0,1,-2.319211489520967e-11,58.943780691124935,117.88756137681091,1921.5047985161655,58.943780691124935,1,0,487.10879747971194,69.16297192292733,34.58148596146368,1
0,fixed_750_375,global_random,29.08900059877044,-721.632782512681,-253.20294154616545,-688.3861856439603,-759.329595681334,-1007.1518134715816,1361.7052621429216,838.525491562421,0.0,1,161.47450843755757,76.60215714473247,153.20431428946472,2752.6039340537973,76.60215714473247,1,0,325.9389743965585,47.43134419779076,23.715672098895393,1
1,minimax_mec,global_random,-951.4546308320278,-607.9598693087785,-1033.800070594186,275.22944373070067,-493.5639575578657,281.04864095286246,1113.1086637155702,999.9999999945438,3212.1405419999996,1,5.449805939861108e-09,55.83244725840892,111.66489451681784,2167.6931991088204,55.83244725840892,1,0,598.7929603187367,38.35933360997495,19.179666804987573,1
1,analytic_far_range,global_random,-951.4546308320278,-607.9598693087785,-1033.800070594186,275.22944373070067,-1426.5995313636372,271.9476960063556,1113.1086637155702,1000.0,0.0,1,-3.205968823749572e-11,58.96924113000098,117.93848224976662,1940.7841229103506,58.96924113000098,1,0,418.5275447224267,35.08208192034305,17.54104096017158,1
1,fixed_750_375,global_random,-951.4546308320278,-607.9598693087785,-1033.800070594186,275.22944373070067,-1399.6955129295357,100.70444587609666,1113.1086637155702,838.5254915624212,0.0,1,161.47450843754586,76.63207888005981,153.26415775369065,2803.866693786811,76.63207888005981,1,0,451.172797142528,39.87008906731883,19.935044533659436,1
2,minimax_mec,global_random,592.9850875188746,759.9216892474946,1138.6945475618686,1181.5343034083583,742.4778791704103,1622.0567745148533,1401.7423834403899,875.0000000027002,2287.586916,1,124.99999999730949,21.979911932526555,43.95982386505302,674.6208278406411,21.979911932526555,1,0,511.2089030663483,33.711429478979966,16.855714739490114,1
2,analytic_far_range,global_random,592.9850875188746,759.9216892474946,1138.6945475618686,1181.5343034083583,1096.2661964710915,1624.0444382663054,1401.7423834403899,1000.0,0.0,1,1.750777300912887e-11,43.551778780077015,87.10355756015402,533.3785626869649,43.551778780077015,1,0,441.58437502011657,40.74421287993491,20.372106439967457,1
2,fixed_750_375,global_random,592.9850875188746,759.9216892474946,1138.6945475618686,1181.5343034083583,964.1458566028168,1511.8290528854736,1401.7423834403899,838.5254915624208,0.0,1,161.4745084375952,31.61942383761605,63.23884767523201,408.49561027344316,31.61942383761605,1,0,323.9327161470428,29.604003951312,14.802001975656003,1
3,minimax_mec,global_random,-462.84825345955835,-933.6307955549262,-184.89003705386344,-632.4034424071284,507.7609252593477,-692.9695768766807,1027.3703641512266,999.9999999945438,3102.6620000000003,1,5.422066351457033e-09,55.834865765801965,111.66973153160393,2171.366203610727,55.834865765801965,1,0,442.36961862564203,44.16429498101603,22.082147490508056,1
3,analytic_far_range,global_random,-462.84825345955835,-933.6307955549262,-184.89003705386344,-632.4034424071284,-113.38374191806878,3.318805636657771,1027.3703641512266,1000.0000000000001,0.0,1,9.890754881780595e-12,58.965546525710565,117.931093051233,1938.2105095052684,58.965546525710565,1,0,534.0593755177979,58.84772798844723,29.423863994223616,1
3,fixed_750_375,global_random,-462.84825345955835,-933.6307955549262,-184.89003705386344,-632.4034424071284,-224.56253329648052,-129.67500350764976,1027.3703641512266,838.5254915624213,0.0,1,161.4745084375919,76.6277369885247,153.2554739770493,2802.648024820286,76.6277369885247,1,0,341.7271771983069,39.817602594154984,19.908801297077545,1
4,minimax_mec,global_random,801.387835131905,392.9099681322224,855.5991910254656,474.8482858732227,691.9133193391973,1336.581166374632,1261.2832064288261,950.0000000001646,2919.656708,1,49.99999999981367,24.774327722380963,49.54865544476193,814.9649930307642,24.774327722380963,1,0,143.22709805797786,46.8481804607146,23.424090230357326,1
4,analytic_far_range,global_random,801.387835131905,392.9099681322224,855.5991910254656,474.8482858732227,1005.2496438427481,1371.9096427742234,1261.2832064288261,1000.0000000000001,0.0,1,-2.3078428057488054e-11,43.5517788308256,87.10355766165115,533.4316758194473,43.5517788308256,1,0,240.26395683793817,83.13356940648953,41.566784703244814,1
4,fixed_750_375,global_random,801.387835131905,392.9099681322224,855.5991910254656,474.8482858732227,915.4453284972066,1223.6421079987526,1261.2832064288261,838.5254915624213,0.0,1,161.47450843755587,31.619423876018175,63.238847752036335,552.184756832663,31.619423876018175,1,0,172.0110349811148,59.0223420787259,29.51117103936295,1
5,minimax_mec,global_random,304.44619575073,95.90883696035095,236.86380717595762,395.8370572565205,-411.7802770577099,793.7767611676962,1275.3909858255229,999.9999999945439,3079.4221660000003,1,5.511765266419388e-09,55.82574521511349,111.65149040632306,2166.654259206698,55.82574521511349,1,0,392.7974099929561,49.15106032206282,24.575530161031434,1
5,analytic_far_range,global_random,304.44619575073,95.90883696035095,236.86380717595762,395.8370572565205,-274.3179823883994,911.4037947025422,1275.3909858255229,1000.0000000000001,0.0,1,5.729816621169448e-11,58.94951002465445,117.8990200493089,1921.7715238313758,58.94951002465445,1,0,506.9917804923316,66.75007674421424,33.375038372107156,1
5,fixed_750_375,global_random,304.44619575073,95.90883696035095,236.86380717595762,395.8370572565205,-226.7600854469373,744.7114932558881,1275.3909858255229,838.5254915624212,0.0,1,161.4745084376358,76.60889054888253,153.21778109776506,2779.4036871061035,76.60889054888253,1,0,334.36300181009574,45.71134924507924,22.855674622539624,1
6,minimax_mec,global_random,342.5585269695648,1126.1573853120806,-63.62340961216661,1648.8159980823332,-468.5614901673234,1276.8534960681177,1055.7972195687792,824.9999999982678,3860.9058750000004,1,175.0000000017012,21.57712119425048,43.154242386065484,618.7818976128474,21.57712119425048,1,0,437.1592993021477,30.879184696551494,15.439592348275747,1
6,analytic_far_range,global_random,342.5585269695648,1126.1573853120806,-63.62340961216661,1648.8159980823332,-532.8639522121676,1609.5159302280767,1055.7972195687792,999.9999999999999,0.0,1,-2.1373125491663814e-11,43.55177883066676,87.10355766133353,533.3924265304522,43.55177883066676,1,0,451.98527107498376,42.033433311929045,21.016716655964522,1
6,fixed_750_375,global_random,342.5585269695648,1126.1573853120806,-63.62340961216661,1648.8159980823332,-417.6521168603074,1480.0002558178621,1055.7972195687792,838.5254915624212,0.0,1,161.47450843755507,31.61942387592129,63.238847751842435,396.35034894314595,31.61942387592129,1,0,319.1930411015346,30.05414599932999,15.027072999665,1
7,minimax_mec,global_random,841.260488176685,648.0442957619142,397.8093566807756,51.347436180371,-101.58105475655123,314.8029044126976,1451.7229574300998,999.9999999945437,2488.568208,1,5.446963768918067e-09,55.840156030492196,111.68031206098438,2167.4263612225695,55.840156030492196,1,0,512.7944850268832,35.31208833286805,17.656044166434025,1
7,analytic_far_range,global_random,841.260488176685,648.0442957619142,397.8093566807756,51.347436180371,583.8831101385248,-318.266671408697,1451.7229574300998,1000.0000000000001,0.0,1,9.777068044058979e-12,58.97112759800123,117.94225519165549,1922.778030948175,58.97112759800123,1,0,428.4103149190705,39.063848300322455,19.531924150161228,1
7,fixed_750_375,global_random,841.260488176685,648.0442957619142,397.8093566807756,51.347436180371,681.7031219622978,-175.16068896954857,1451.7229574300998,838.5254915624212,0.0,1,161.47450843758998,76.6342958351628,153.2685916703256,2754.267899697883,76.6342958351628,1,0,337.17166932060354,29.282023169985035,14.641011584992528,1
8,minimax_mec,global_random,-501.9875886201058,-792.9744097778483,-1004.668916340826,-843.2040164509951,-1336.8634422337082,-242.53612163531,1174.0323841685977,1000.0000000001646,3264.895124999999,1,-1.4279066817834973e-10,27.146989265116087,54.29397853023206,926.6365280500613,27.146989265116087,1,0,464.2851783023216,37.75867325470059,18.879336627350295,1
8,analytic_far_range,global_random,-501.9875886201058,-792.9744097778483,-1004.668916340826,-843.2040164509951,-1383.1031047984593,-1265.8755063612182,1174.0323841685977,1000.0000000000001,0.0,1,-2.7966962079517543e-11,43.551778830454985,87.10355766090986,552.2546986360103,43.551778830454985,1,0,520.5380972297862,52.50695898240984,26.253479491204942,1
8,fixed_750_375,global_random,-501.9875886201058,-792.9744097778483,-1004.668916340826,-843.2040164509951,-1211.7918513894956,-1239.40795304538,1174.0323841685977,838.5254915624213,0.0,1,161.47450843754814,31.61942387579216,63.23884775158427,777.254273168277,31.61942387579216,1,0,330.59395385393873,35.341924071033674,17.67096203551687,1
9,minimax_mec,global_random,752.3857460118123,-44.39541695563677,374.51584911431706,256.43240973551946,424.1685372016511,900.2068611646072,1049.4419797116404,999.9999999945438,2506.3797500000005,1,5.494939614436589e-09,55.829774410494935,111.65954882098987,2166.8701252163155,55.829774410494935,1,0,455.0475444771291,42.097067390870535,21.048533695435268,1
9,analytic_far_range,global_random,752.3857460118123,-44.39541695563677,374.51584911431706,256.43240973551946,-212.54131243738289,218.12271931799935,1049.4419797116404,1000.0,0.0,1,2.148681232938543e-11,58.99008343727216,117.98016687454431,1923.6607566262828,58.99008343727216,1,0,518.3926195707172,52.01010021057751,26.00505010528878,1
9,fixed_750_375,global_random,752.3857460118123,-44.39541695563677,374.51584911431706,256.43240973551946,-69.95812805282037,119.54223213197068,1049.4419797116404,838.5254915624212,0.0,1,161.47450843759805,76.656572004415,153.31314400883,2755.4214313258417,76.656572004415,1,0,331.1286309467687,35.496665880697016,17.748332940348533,1
10,minimax_mec,global_random,1032.5072365620495,719.7605291267129,-168.320978313471,297.5280595715451,433.6768324608453,-81.11533335952527,1419.5667345855984,999.9999999945437,3065.502999999996,1,5.4963038564892486e-09,55.82514449682741,111.65028899214839,2166.6220750859648,55.82514449682741,1,0,1310.0534237719694,76.83679595116877,38.418397975584384,1
10,analytic_far_range,global_random,1032.5072365620495,719.7605291267129,-168.320978313471,297.5280595715451,299.1769827748434,39.88793894499952,1419.5667345855984,1000.0,0.0,1,4.5133674575481564e-11,58.948758866038574,117.89751773207713,1921.7365533830307,58.948758866038574,1,0,1015.479014387267,74.73109152605754,37.36554576302878,1
10,fixed_750_375,global_random,1032.5072365620495,719.7605291267129,-168.320978313471,297.5280595715451,458.2716929236201,108.71344385236387,1419.5667345855984,838.5254915624212,0.0,1,161.47450843762215,76.6080077465709,153.21601549314175,2776.762501975929,76.6080077465709,1,0,1538.6513527561037,101.96036631521504,50.980183157607534,1
11,minimax_mec,global_random,-453.625366616076,-1339.920136356443,-911.4672853574959,-1185.033940643301,-1011.5131291169429,-510.00372825207035,1444.594277265445,999.9999999945436,2771.074833999997,1,5.505398803506978e-09,28.475054423185437,56.95010884637066,956.7658402216621,28.475054423185437,1,0,451.25331558752805,39.43760738062836,19.718803690314257,1
11,analytic_far_range,global_random,-453.625366616076,-1339.920136356443,-911.4672853574959,-1185.033940643301,-1451.7283717927119,-1401.4862882369082,1444.594277265445,1000.0000000000001,0.0,1,2.1259438653942198e-11,43.55177883039759,87.10355766079518,622.9425803381018,43.55177883039759,1,0,522.6246007471345,53.025557395719304,26.51277869785971,1
11,fixed_750_375,global_random,-453.625366616076,-1339.920136356443,-911.4672853574959,-1185.033940643301,-1285.0250256457348,-1449.0054560166382,1444.594277265445,838.525491562421,0.0,1,161.47450843759714,37.31100875452144,74.62201750904288,955.5866556307301,37.31100875452144,1,0,332.53271021228284,35.91312029545441,17.956560147727206,1
12,minimax_mec,global_random,277.7104158787491,1001.8359558608652,-679.2360477536633,1392.7428224994028,-719.0130077592617,920.9507484989039,1249.8213377871086,999.9999999993323,3216.0758750000014,1,7.136122803785838e-10,41.48017739847386,82.96035479694761,1309.9093900034204,41.48017739847386,1,0,625.681206200039,45.96211984419623,22.98105992209813,1
12,analytic_far_range,global_random,277.7104158787491,1001.8359558608652,-679.2360477536633,1392.7428224994028,-722.2793423114801,997.3100841606192,1249.8213377871086,1000.0000000000001,0.0,1,4.888534022029489e-11,43.55177882869226,87.10355765738447,1199.9559833640233,43.55177882869226,1,0,522.6942487321794,43.70646381746324,21.85323190873172,1
12,fixed_750_375,global_random,277.7104158787491,1001.8359558608652,-679.2360477536633,1392.7428224994028,-558.558370009217,940.358173292954,1249.8213377871086,838.5254915624213,0.0,1,161.4745084376251,56.09003346328907,112.18006692657796,1790.7382067018189,56.09003346328907,1,0,739.6348431117367,59.785464852286594,29.892732426143297,1
13,minimax_mec,global_random,-683.3540372213622,-1664.0815328243284,-1082.4049332127356,-1239.52102245791,-943.0782164685295,-698.3986911454213,1446.8983395640369,999.999999999332,3609.0619999999944,1,7.053131412249058e-10,45.810484204488525,91.62096839611924,1574.4641431686468,45.810484204488525,1,0,468.7736031310633,40.56007202081494,20.28003601040747,1
13,analytic_far_range,global_random,-683.3540372213622,-1664.0815328243284,-1082.4049332127356,-1239.52102245791,-1601.6178007209028,-1268.112265527408,1446.8983395640369,1000.0000000000001,0.0,1,4.581579560181126e-11,57.924543744602,115.84908748920395,1688.589159448631,57.924543744602,1,0,488.275918177329,46.79705289424656,23.39852644712332,1
13,fixed_750_375,global_random,-683.3540372213622,-1664.0815328243284,-1082.4049332127356,-1239.52102245791,-1474.3613740313772,-1385.8147667297626,1446.8983395640369,838.5254915624213,0.0,1,161.47450843762374,76.70149127798315,153.4029825559661,2619.2057435987517,76.70149127798315,1,0,319.5355998883024,32.149434311228816,16.074717155614522,1
14,minimax_mec,global_random,474.7234315252976,-1001.6301571641608,-463.6722194810924,-1257.445501144966,-193.7697321139529,-1745.3484439883277,1125.3269027644608,999.9999999945438,2526.388957999998,1,5.483798304339871e-09,55.83956391545898,111.67912783091789,2167.394634969998,55.83956391545898,1,0,680.6701562087983,44.093147603850646,22.04657380192539,1
14,analytic_far_range,global_random,474.7234315252976,-1001.6301571641608,-463.6722194810924,-1257.445501144966,-316.8309364097984,-1612.7289074516007,1125.3269027644608,1000.0000000000001,0.0,1,2.205524651799351e-11,58.9667891823085,117.93357835567744,1922.576021535322,58.9667891823085,1,0,461.7420421051793,38.275671809155675,19.137835904577855,1
14,fixed_750_375,global_random,474.7234315252976,-1001.6301571641608,-463.6722194810924,-1257.445501144966,-152.18654451920935,-1558.5043637277938,1125.3269027644608,838.5254915624212,0.0,1,161.47450843760305,76.6291973546504,153.25839469669157,2754.003907784354,76.6291973546504,1,0,598.5277323317714,50.692823997841366,25.346411998920683,1
15,minimax_mec,global_random,-1288.8536298392582,1060.208071679289,-1479.8250862972397,969.5610031730997,-1387.840884329768,803.6412705377975,1423.3121859904716,274.9999999991757,2957.676208000002,1,725.0000000008292,6.907972320280801,13.8159446405615,66.24121281364933,6.907972320280801,1,0,48.236297751776874,10.105143307899626,5.052571653949813,1
15,analytic_far_range,global_random,-1288.8536298392582,1060.208071679289,-1479.8250862972397,969.5610031730997,-1951.1793134197046,310.99202215172136,1423.3121859904716,1000.0000000000002,0.0,1,1.9326762412674725e-11,43.55177882818556,87.10355765637087,472.1788568459451,43.55177882818556,1,0,433.01555656967685,73.6920740887415,36.84603704437078,1
15,fixed_750_375,global_random,-1288.8536298392582,1060.208071679289,-1479.8250862972397,969.5610031730997,-1799.6905353616949,395.24893311793267,1423.3121859904716,838.5254915624212,0.0,1,161.47450843759566,31.619423874412348,63.2388477488245,319.64598214719445,31.619423874412348,1,0,294.1122443238273,51.34894289067231,25.674471445336252,1
16,minimax_mec,global_random,320.74650544684613,-620.7744982605178,1370.8386903702974,233.05505124054764,1314.3134420474375,-507.52811870159326,1367.5520351605019,999.9999999945438,3096.5603329999994,1,5.412402970250696e-09,55.83233530484018,111.6646706096803,2167.5019927648827,55.83233530484018,1,0,1663.5460176831111,91.99876789329146,45.99938394664573,1
16,analytic_far_range,global_random,320.74650544684613,-620.7744982605178,1370.8386903702974,233.05505124054764,788.3314794768417,263.1736292115462,1367.5520351605019,1000.0,0.0,1,-5.7980287238024175e-12,58.96942810517341,117.93885620178656,1940.8941373450216,58.96942810517341,1,0,1455.3328376722056,96.91063585054042,48.45531792527032,1
16,fixed_750_375,global_random,320.74650544684613,-620.7744982605178,1370.8386903702974,233.05505124054764,660.9023129062427,145.65816456880475,1367.5520351605019,838.5254915624212,0.0,1,161.47450843757633,76.6322986185529,153.26459723539023,2803.905893869465,76.6322986185529,1,0,2291.0564270102186,134.84139775351642,67.42069887675821,1
17,minimax_mec,global_random,257.7589348382577,435.5052845231548,1085.8615502994996,772.2692996249979,1252.3430809111474,331.57080333848853,1091.6651107469154,999.9999999993324,3118.8050409999946,1,7.048583938740194e-10,44.195997604865155,88.39199520973023,1445.3501513260417,44.195997604865155,1,0,514.5632614702918,35.89439903152714,17.94719951576363,1
17,analytic_far_range,global_random,257.7589348382577,435.5052845231548,1085.8615502994996,772.2692996249979,969.121870585173,1138.3301372749127,1091.6651107469154,1000.0,0.0,1,6.17319528828375e-11,45.76839185654891,91.53678371309759,1343.4220159449615,45.76839185654891,1,0,420.28878904809244,35.02681922587947,17.513409612939736,1
17,fixed_750_375,global_random,257.7589348382577,435.5052845231548,1085.8615502994996,772.2692996249979,812.2938030447104,1064.4854749451206,1091.6651107469154,838.5254915624213,0.0,1,161.47450843764057,60.84070556693294,121.68141113386588,1996.2204143311828,60.84070556693294,1,0,464.2781094033271,40.92237388082819,20.461186940414194,1
18,minimax_mec,global_random,585.0632525063305,-1320.8834330340594,1040.5227866076116,-760.9972957640923,703.0985300923497,-327.8740306443949,1433.0740769319202,999.9999999945437,3121.547541999995,1,5.412402970250696e-09,55.825290280110515,111.65058056022082,2166.629885281087,55.825290280110515,1,0,501.80390571500175,35.664936503673125,17.832468251836573,1
18,analytic_far_range,global_random,585.0632525063305,-1320.8834330340594,1040.5227866076116,-760.9972957640923,880.0853334820911,-365.3929978455475,1433.0740769319202,1000.0000000000001,0.0,1,-4.7975845518521965e-11,58.94894115208381,117.89788229780814,1921.7450400926173,58.94894115208381,1,0,431.2030789859127,39.43038953397827,19.715194766989136,1
18,fixed_750_375,global_random,585.0632525063305,-1320.8834330340594,1040.5227866076116,-760.9972957640923,776.7361220617161,-504.5584296950682,1433.0740769319202,838.525491562421,0.0,1,161.47450843753234,76.6082219733968,153.2164439361916,2777.4314303431893,76.6082219733968,1,0,332.37432615831494,29.33568719163267,14.667843595816334,1
19,minimax_mec,global_random,541.3213790987387,95.9327285253565,220.97427500171074,1116.6107681737046,814.8153996878466,1057.806431612769,1453.7888454698557,999.9999999945436,3111.4920410000054,1,5.487549969984684e-09,55.82874582591132,111.65749165182264,2166.815017073939,55.82874582591132,1,0,818.3623876041383,52.399625837193895,26.199812918597,1
19,analytic_far_range,global_random,541.3213790987387,95.9327285253565,220.97427500171074,1116.6107681737046,-98.08511168430698,864.8015987135772,1453.7888454698557,999.9999999999999,0.0,1,5.809397407574579e-11,58.97641045149603,117.95282088834777,1943.8614794733585,58.97641045149603,1,0,587.1761110349908,48.60917209462146,24.30458604731083,1
19,fixed_750_375,global_random,541.3213790987387,95.9327285253565,220.97427500171074,1116.6107681737046,-37.92456243255265,702.2322743107115,1453.7888454698557,838.5254915624212,0.0,1,161.47450843763693,76.64050414103697,153.28100828207394,2804.1033626402495,76.64050414103697,1,0,887.4328095952515,68.5421389635955,34.27106948179776,1
20,minimax_mec,global_random,-315.43416697326313,922.4603624350264,417.98703339491317,1194.725890240109,665.3627879601247,727.4287414540134,1256.914677051153,999.9999999945437,3186.318125,1,5.425135896075517e-09,52.749455577083,105.49891115141344,1992.3974271081388,52.749455577083,1,0,516.1315437558806,35.11079394669666,17.55539697334833,1
20,analytic_far_range,global_random,-315.43416697326313,922.4603624350264,417.98703339491317,1194.725890240109,411.4606801063011,1609.2091383998452,1256.914677051153,1000.0,0.0,1,-4.4792614062316716e-11,58.75000471903488,117.50000936867433,1918.2826310228556,58.75000471903488,1,0,416.52878106047865,37.30906862629443,18.654534313147217,1
20,fixed_750_375,global_random,-315.43416697326313,922.4603624350264,417.98703339491317,1194.725890240109,253.02120841263263,1538.8883681217246,1256.914677051153,838.525491562421,0.0,1,161.4745084375346,76.37437089344833,152.74874178689666,2770.3422071347013,76.37437089344833,1,0,356.5149977991823,31.008909426901237,15.504454713450672,1
21,minimax_mec,global_random,-1415.9284561264635,352.32428262848003,-1481.1626084690142,-571.2758555591919,-1007.7918710566098,-560.5965945107196,1156.528337585347,999.9999999945437,2833.8302909999984,1,5.4232032198342495e-09,39.51617418465295,79.0323483693058,1252.5065860562027,39.51617418465295,1,0,535.9484233963303,37.90855583921933,18.95427791960977,1
21,analytic_far_range,global_random,-1415.9284561264635,352.32428262848003,-1481.1626084690142,-571.2758555591919,-1095.1882291814195,-594.8429184607687,1156.528337585347,999.9999999999998,0.0,1,-3.035438567167148e-11,43.55177882769073,87.10355765538145,1106.6654185098596,43.55177882769073,1,0,434.96638704510406,35.22854789689152,17.614273948445778,1
21,fixed_750_375,global_random,-1415.9284561264635,352.32428262848003,-1481.1626084690142,-571.2758555591919,-1092.9726585230565,-421.5132667281968,1156.528337585347,838.5254915624212,0.0,1,161.47450843754632,53.292189341284804,106.58437868256951,1659.8563248310238,53.292189341284804,1,0,518.6876113561448,45.068446504079034,22.534223252039517,1
22,minimax_mec,global_random,895.5342612027375,-1223.4509107048002,712.8955403557623,-1316.7271755727882,-101.93801762973135,-1152.394222421086,1225.9691088704847,999.9999999945437,2436.8533749999983,1,5.493689059221651e-09,33.25413683004225,66.5082736600845,1052.2033398004714,33.25413683004225,1,0,333.56045441515744,56.35591691884894,28.177958459424506,1
22,analytic_far_range,global_random,895.5342612027375,-1223.4509107048002,712.8955403557623,-1316.7271755727882,246.68606229861848,-1984.3687872058592,1225.9691088704847,1000.0000000000001,0.0,1,2.4101609596982598e-11,43.55177882721884,87.10355765443768,914.735699267243,43.55177882721884,1,0,431.12395681790076,73.82185223156382,36.910926115782026,1
22,fixed_750_375,global_random,895.5342612027375,-1223.4509107048002,712.8955403557623,-1316.7271755727882,396.6468953791606,-1897.4215304068853,1225.9691088704847,838.5254915624212,0.0,1,161.4745084376009,49.804596946333845,99.60919389266769,1459.7691147876903,49.804596946333845,1,0,291.65303107746877,51.57914356130407,25.789571780652086,1
23,minimax_mec,global_random,-610.0769954561893,-1362.5743060768439,361.5258600151637,-1527.1528425437393,318.0419859870369,-990.2906020635259,1122.6504094130491,999.9999999945437,3215.7891249999866,1,5.46265255252365e-09,49.45886253560256,98.91772507120504,1782.902318192646,49.45886253560256,1,0,653.0624962071888,43.894945589248785,21.947472794624492,1
23,analytic_far_range,global_random,-610.0769954561893,-1362.5743060768439,361.5258600151637,-1527.1528425437393,362.3890253648244,-1129.5295928809776,1122.6504094130491,999.9999999999999,0.0,1,-2.2737367544323206e-13,51.13428192645621,102.26856385291232,1591.5588879999705,51.13428192645621,1,0,472.2682367693633,39.31222382928073,19.656111914640462,1
23,fixed_750_375,global_random,-610.0769954561893,-1362.5743060768439,361.5258600151637,-1527.1528425437393,189.9833462000896,-1111.519631336782,1122.6504094130491,838.525491562421,0.0,1,161.47450843758168,67.33464772901597,134.66929545803183,2338.4935335069895,67.33464772901597,1,0,615.466924717417,51.83380883891421,25.916904419457193,1
24,minimax_mec,global_random,134.80681109221806,1608.3487034997372,440.9107229493916,1240.506055856983,268.4685293821388,617.3216882005207,1442.2145871482642,999.9999999945438,2667.4387079999915,1,5.490733201440889e-09,55.82453429700899,111.64906859401775,2166.5893847357947,55.82453429700899,1,0,453.1857861953322,42.438616113250895,21.219308056625454,1
24,analytic_far_range,global_random,134.80681109221806,1608.3487034997372,440.9107229493916,1240.506055856983,1028.1868695773294,1159.0469439871135,1442.2145871482642,1000.0000000000003,0.0,1,3.410605131648481e-13,59.00755204661281,118.01510409322556,1924.4743487068918,59.00755204661281,1,0,517.9251491005998,51.905962598607445,25.952981299303723,1
24,fixed_750_375,global_random,134.80681109221806,1608.3487034997372,440.9107229493916,1240.506055856983,908.0748461429912,1284.031658050818,1442.2145871482642,838.5254915624212,0.0,1,161.47450843757656,76.6770996026729,153.35419920534576,2756.4845564928837,76.6770996026729,1,0,331.21680404711515,35.52236747367078,17.76118373683539,1
25,minimax_mec,global_random,-1189.966480463139,-102.52967630473513,-887.0920038668935,301.0970295284526,-1119.8197971371255,895.0070111446275,1183.4494418553088,999.9999999945438,2678.2790419999997,1,5.494030119734816e-09,55.82635354179703,111.65270708359402,2166.686849220423,55.82635354179703,1,0,462.52851564390585,40.58362433833319,20.29181216916662,1
25,analytic_far_range,global_random,-1189.966480463139,-102.52967630473513,-887.0920038668935,301.0970295284526,-941.2335312607929,866.0424273515198,1183.4494418553088,1000.0000000000001,0.0,1,4.376943252282217e-11,58.950270675339006,117.90054135067791,1921.8069364081603,58.950270675339006,1,0,512.6254334410187,50.806479698013554,25.403239849006788,1
25,fixed_750_375,global_random,-1189.966480463139,-102.52967630473513,-887.0920038668935,301.0970295284526,-1037.7709616298066,722.0681190155366,1183.4494418553088,838.5254915624212,0.0,1,161.47450843762044,76.60978448758411,153.2195689660419,2752.9988074634457,76.60978448758411,1,0,328.16489462414756,34.657464694666274,17.32873234733314,1
26,minimax_mec,global_random,-155.32249281347458,6.812039232610011,-65.81463535861262,535.1492219080793,-536.944624392643,931.1304630877552,1173.761900496236,999.999999994544,2705.0449579999877,1,5.456399776448961e-09,55.82272996447069,111.64545990464856,2166.4927201878163,55.82272996447069,1,0,464.1669385980931,40.22908780578838,20.114543902894216,1
26,analytic_far_range,global_random,-155.32249281347458,6.812039232610011,-65.81463535861262,535.1492219080793,-364.1570389604159,984.7630259060736,1173.761900496236,1000.0,0.0,1,-4.433786671143025e-12,58.94573972599849,117.8914794519968,1921.5959984746296,58.94573972599849,1,0,510.69638010836206,50.43635581287491,25.21817790643751,1
26,fixed_750_375,global_random,-155.32249281347458,6.812039232610011,-65.81463535861262,535.1492219080793,-386.4408719944811,812.8575061913571,1173.761900496236,838.5254915624212,0.0,1,161.47450843757622,76.60445950570721,153.20891900449672,2752.723127629375,76.60445950570721,1,0,325.87379098492966,34.026438044475825,17.013219022237966,1
27,minimax_mec,global_random,-816.2569248986416,1005.7725687869624,-1598.5768687870202,690.1111448647293,-1232.2296239848285,235.97278078301656,1054.4275930742162,874.9999999976957,3410.296792000011,1,125.00000000225157,23.273103688094533,46.54620737618901,699.415223766584,23.273103688094533,1,0,643.1666351868771,43.07745979737731,21.53872989868874,1
27,analytic_far_range,global_random,-816.2569248986416,1005.7725687869624,-1598.5768687870202,690.1111448647293,-1532.7459199428554,308.1741743073503,1054.4275930742162,999.9999999999999,0.0,1,-5.5933924159035087e-11,43.551778831200835,87.10355766240163,533.351252341643,43.551778831200835,1,0,412.4175651441328,35.594014507470675,17.797007253735394,1
27,fixed_750_375,global_random,-816.2569248986416,1005.7725687869624,-1598.5768687870202,690.1111448647293,-1375.381465302189,380.8687775370438,1054.4275930742162,838.5254915624212,0.0,1,161.474508437523,31.61942387624606,63.23884775249197,465.67470595473424,31.61942387624606,1,0,414.5428340351209,36.77273901413195,18.38636950706604,1
28,minimax_mec,global_random,-356.3504617990984,87.89079221398026,-109.93355048072743,906.0783575552649,407.1220837846902,733.7310759752967,1154.9312046948392,999.9999999945439,3543.310875000003,1,5.467654773383401e-09,55.83309125481801,111.66618250963579,2168.754199556948,55.83309125481801,1,0,569.0328071258846,35.98301101651328,17.991505508256687,1
28,analytic_far_range,global_random,-356.3504617990984,87.89079221398026,-109.93355048072743,906.0783575552649,-458.2501115259404,1082.6854752443767,1154.9312046948392,999.9999999999999,0.0,1,1.9895196601282805e-11,58.96819484812724,117.93638968741583,1940.1344498818798,58.96819484812724,1,0,413.06300322449533,35.472515199951275,17.736257599975684,1
28,fixed_750_375,global_random,-356.3504617990984,87.89079221398026,-109.93355048072743,906.0783575552649,-498.98543895696025,914.1959799570902,1154.9312046948392,838.5254915624212,0.0,1,161.47450843759862,76.6308492980194,153.2616985960388,2803.6095209060295,76.6308492980194,1,0,419.5138202649832,37.20924438745071,18.604622193725355,1
29,minimax_mec,global_random,-107.49207820823158,155.95310968305137,-654.5635560345794,377.2985796855992,-1090.066390945855,-29.917059890431005,1111.3985829655785,999.9999999945439,2818.837834000007,1,5.416040949057788e-09,55.83364072818922,111.66728145637822,2167.077272265218,55.83364072818922,1,0,471.39088904327946,38.70237421281734,19.351187106408723,1
29,analytic_far_range,global_random,-107.49207820823158,155.95310968305137,-654.5635560345794,377.2985796855992,-1107.4753170352526,150.16328541791745,1111.3985829655785,1000.0000000000001,0.0,1,-3.183231456205249e-11,58.95938268832165,117.9187653766433,1922.2311693360098,58.95938268832165,1,0,489.69668907660525,47.00324292857505,23.501621464287524,1
29,fixed_750_375,global_random,-107.49207820823158,155.95310968305137,-654.5635560345794,377.2985796855992,-943.6824900578471,93.41835829815932,1111.3985829655785,838.525491562421,0.0,1,161.47450843754393,76.62049319572728,153.2409863849863,2753.5532349133864,76.62049319572728,1,0,319.3625694968505,32.087026760780006,16.043513380390003,1
30,minimax_mec,global_random,1141.2543929395601,468.1161777621427,511.21335260696316,1383.6444099834328,219.7202427425076,856.4134994238867,1456.8302102445705,999.9999999945439,2826.5463749999926,1,5.40285327588208e-09,55.82814054878985,111.65628109757947,2166.7825887894724,55.82814054878985,1,0,916.2680959033314,57.751559471289866,28.875779735645043,1
30,analytic_far_range,global_random,1141.2543929395601,468.1161777621427,511.21335260696316,1383.6444099834328,304.7647533486153,1016.098917323355,1456.8302102445705,1000.0000000000001,0.0,1,-5.6843418860808015e-11,58.95250516669335,117.90501033172242,1921.9109659497626,58.95250516669335,1,0,644.0089023690671,52.57261273222647,26.286306366113237,1
30,fixed_750_375,global_random,1141.2543929395601,468.1161777621427,511.21335260696316,1383.6444099834328,409.88424792244984,878.2657979956023,1456.8302102445705,838.5254915624212,0.0,1,161.47450843752324,76.61241055172762,153.2248210986274,2753.1347641907632,76.61241055172762,1,0,980.7947101537138,73.77932768938533,36.88966384469267,1
31,minimax_mec,global_random,1440.9554416093974,812.8037818395086,1362.5728627513172,-406.92413623600225,831.6003225868944,19.90634905885031,1351.7928856480203,999.9999999945436,2931.9665000000014,1,5.461743057821877e-09,55.82154082325964,111.64308164651919,2166.429014822934,55.82154082325964,1,0,1182.2236456840765,70.9624180789866,35.4812090394933,1
31,analytic_far_range,global_random,1440.9554416093974,812.8037818395086,1362.5728627513172,-406.92413623600225,1751.2498945539896,-137.83671407459678,1351.7928856480203,1000.0,0.0,1,8.981260180007666e-12,59.027291185186805,118.05458237037351,1925.3938312672544,59.027291185186805,1,0,962.7012385865673,71.83941373048121,35.919706865240684,1
31,fixed_750_375,global_random,1440.9554416093974,812.8037818395086,1362.5728627513172,-406.92413623600225,1755.3733298946297,35.45804696585856,1351.7928856480203,838.525491562421,0.0,1,161.47450843758793,76.70029437456651,153.40058874913294,2757.685976441251,76.70029437456651,1,0,1559.0324156763963,102.91438222706799,51.45719111353402,1
32,minimax_mec,global_random,-1249.914668419112,-1169.8751949286232,-281.74884221625496,-959.0096331342795,-308.95812548542403,-1508.4025709255582,1137.860377789378,999.9999999945439,3740.0392499999953,1,5.459696694742888e-09,55.83360935013542,111.66721870027077,2169.5619624573737,55.83360935013542,1,0,724.4053815926891,46.86356691274202,23.431783456371026,1
32,analytic_far_range,global_random,-1249.914668419112,-1169.8751949286232,-281.74884221625496,-959.0096331342795,-439.1846841268115,-584.4549248922962,1137.860377789378,1000.0,0.0,1,2.3305801732931286e-11,58.967387615394124,117.93477523078822,1939.5920984887052,58.967387615394124,1,0,472.80067769566085,39.36312223267546,19.681561116337768,1
32,fixed_750_375,global_random,-1249.914668419112,-1169.8751949286232,-281.74884221625496,-959.0096331342795,-605.4821009843796,-633.3757391698323,1137.860377789378,838.525491562421,0.0,1,161.47450843760305,76.6299006483713,153.25980129674258,2803.365434872685,76.6299006483713,1,0,607.5257605200168,51.30088263831183,25.650441319155924,1
33,minimax_mec,global_random,1023.8190500685364,-1002.605660075339,921.970122900722,-616.5424040587919,278.69143866982085,-335.68374356611787,1247.5423158458552,999.9999999945438,3021.1314579999994,1,5.509264155989513e-09,55.8350565013771,111.67011300275419,2167.1531275126617,55.8350565013771,1,0,441.7921808823012,44.245800279357596,22.122900139678844,1
33,analytic_far_range,global_random,1023.8190500685364,-1002.605660075339,921.970122900722,-616.5424040587919,411.0509358571471,-212.3428947840606,1247.5423158458552,1000.0000000000002,0.0,1,5.2864379540551454e-11,58.96115299878612,117.92230599757222,1922.313594358624,58.96115299878612,1,0,533.5886672125198,57.58024506480493,28.790122532402492,1
33,fixed_750_375,global_random,1023.8190500685364,-1002.605660075339,921.970122900722,-616.5424040587919,465.62287191335827,-376.8724687765613,1247.5423158458552,838.5254915624212,0.0,1,161.47450843763215,76.62257369200272,153.24514738400538,2753.660953038605,76.62257369200272,1,0,341.1919166983571,39.41073904027533,19.70536952013771,1
34,minimax_mec,global_random,699.7187516779974,-354.1767116630072,-135.62592413573725,-875.3779708506987,274.2871951659493,-1259.1673142179861,1488.5060423258637,999.9999999945439,4143.015665999997,1,5.448441697808448e-09,55.83478262677752,111.66956525355491,2171.253138642758,55.83478262677752,1,0,699.4074273339356,45.29885414719877,22.649427073599384,1
34,analytic_far_range,global_random,699.7187516779974,-354.1767116630072,-135.62592413573725,-875.3779708506987,118.19030151955099,-1167.7027786432334,1488.5060423258637,1000.0000000000001,0.0,1,-7.503331289626658e-12,58.96081054443555,117.92162108887099,1933.5601549292915,58.96081054443555,1,0,472.8363860613317,39.366530981463264,19.68326549073167,1
34,fixed_750_375,global_random,699.7187516779974,-354.1767116630072,-135.62592413573725,-875.3779708506987,260.18203281354096,-1068.2722744344528,1488.5060423258637,838.525491562421,0.0,1,161.47450843757144,76.62217123150198,153.2443424584336,2799.583359577926,76.62217123150198,1,0,626.8890730712446,52.59447275032632,26.29723637516316,1
35,minimax_mec,global_random,-108.2911170074148,1067.79627703687,-911.3486112682878,1401.26614427906,-1054.4009119552502,743.9502396918156,1024.2293702656495,1000.0000000001647,4619.005625,1,-1.8849277694243938e-10,26.126018615724515,52.252037231448924,908.4792490815744,26.126018615724515,1,0,707.1604062337428,41.38686433361599,20.693432166808016,1
35,analytic_far_range,global_random,-108.2911170074148,1067.79627703687,-911.3486112682878,1401.26614427906,-1108.250636112209,1058.7984911031485,1024.2293702656495,1000.0000000000001,0.0,1,-1.5234036254696548e-11,43.55177882840834,87.10355765681665,533.4526218809187,43.55177882840834,1,0,414.89951352449134,35.275472634211596,17.637736317105844,1
35,fixed_750_375,global_random,-108.2911170074148,1067.79627703687,-911.3486112682878,1401.26614427906,-944.2766116854411,1002.5793107785764,1024.2293702656495,838.525491562421,0.0,1,161.4745084375619,31.61942387454785,63.23884774909568,654.1484076771885,31.61942387454785,1,0,430.62386422324926,38.16480250324609,19.082401251623168,1
36,minimax_mec,global_random,917.6927192052656,-1074.450028645494,-124.29798680385792,-1211.3634413277089,22.004507209461394,-629.7674149974598,1166.737004890752,999.9999999945438,3641.5210410000045,1,5.422748472483363e-09,55.8208401004673,111.64168020093447,2166.391475106124,55.8208401004673,1,0,778.3988702858333,50.10267086270308,25.05133543135154,1
36,analytic_far_range,global_random,917.6927192052656,-1074.450028645494,-124.29798680385792,-1211.3634413277089,44.91398874395918,-1562.5660882607772,1166.737004890752,1000.0000000000002,0.0,1,-2.7398527890909463e-11,59.03244920654892,118.06489841309774,1931.0955079498235,59.03244920654892,1,0,563.6366275888868,46.88132769088134,23.440663845440678,1
36,fixed_750_375,global_random,917.6927192052656,-1074.450028645494,-124.29798680385792,-1211.3634413277089,215.7402846625546,-1533.1305052733542,1166.737004890752,838.525491562421,0.0,1,161.47450843755337,76.70635521069048,153.41271042138092,2767.6608175020665,76.70635521069048,1,0,856.5788016808801,66.76539124719325,33.38269562359666,1
37,minimax_mec,global_random,49.99068071150211,21.408585084956265,-335.532156553867,-625.9279938526095,-847.3059237060019,-420.0195559413098,1129.5116185695358,999.9999999945438,2955.1452919999974,1,5.438778316602111e-09,55.82143925281901,111.6428785056378,2166.4235724089667,55.82143925281901,1,0,511.4711568063358,35.34572021013401,17.672860105067024,1
37,analytic_far_range,global_random,49.99068071150211,21.408585084956265,-335.532156553867,-625.9279938526095,-92.3808070233512,-968.4047101784306,1129.5116185695358,1000.0000000000001,0.0,1,-4.3087311496492475e-11,59.02842948090475,118.0568589618095,1925.4468595962971,59.02842948090475,1,0,421.3648577791173,38.083391721732056,19.041695860866035,1
37,fixed_750_375,global_random,49.99068071150211,21.408585084956265,-335.532156553867,-625.9279938526095,-12.00393141688167,-814.8220458220031,1129.5116185695358,838.5254915624212,0.0,1,161.4745084375353,76.70163191156638,153.40326381560513,2757.7552629555576,76.70163191156638,1,0,345.0770338248112,29.592619364778226,14.796309682389117,1
38,minimax_mec,global_random,739.076478376892,-915.2256587931731,-200.40000517095856,-588.1200839408208,-229.61124224693833,-1163.5079576017988,1252.0641887501606,999.9999999945439,3110.582958000009,1,5.4551492212340236e-09,55.83663178494533,111.67326356989066,2167.237530207727,55.83663178494533,1,0,703.0934624146903,45.532570810455326,22.766285405227716,1
38,analytic_far_range,global_random,739.076478376892,-915.2256587931731,-200.40000517095856,-588.1200839408208,-258.492736522128,-984.9082354228653,1252.0641887501606,1000.0000000000001,0.0,1,-6.139089236967266e-12,58.96312276863917,117.9262455372782,1922.4053075604606,58.96312276863917,1,0,477.45774394925684,39.80283795701612,19.90141897850812,1
38,fixed_750_375,global_random,739.076478376892,-915.2256587931731,-200.40000517095856,-588.1200839408208,-91.40838928115204,-1031.0698843333398,1252.0641887501606,838.5254915624212,0.0,1,161.47450843757474,76.62488857274859,153.24977713070533,2753.780810770113,76.62488857274859,1,0,624.2263731121202,52.41775386540126,26.208876932700637,1
39,minimax_mec,global_random,-603.1561742332392,1490.4404164596674,-1336.5096240586022,1191.7104425844323,-941.220869791505,765.3802385368562,1251.339813122779,799.9999999952261,4037.5163340000026,1,200.0000000047279,20.103572407760094,40.207144815519975,567.2657185602002,20.103572407760094,1,0,422.47201653337106,30.926818992765693,15.5702695601504,1
39,analytic_far_range,global_random,-603.1561742332392,1490.4404164596674,-1336.5096240586022,1191.7104425844323,-1314.9097550048707,788.0111742873612,1251.339813122779,999.9999999999999,0.0,1,-5.0590642786119133e-11,43.551778830805254,87.1035576616105,533.7392667788081,43.551778830805254,1,0,350.44902224326506,36.85378746378114,18.426893731890676,1
39,fixed_750_375,global_random,-603.1561742332392,1490.4404164596674,-1336.5096240586022,1191.7104425844323,-1158.0406557149518,861.7686322902402,1251.339813122779,838.525491562421,0.0,1,161.47450843752858,31.619423876005275,63.23884775201036,354.9768024957739,31.619423876005275,1,0,275.3254037271254,26.41355666681959,13.24953391179301,1
40,minimax_mec,global_random,1649.4955661031443,271.57979891292956,486.26556911253215,740.0890019365306,666.5719194872089,87.5659273914614,1351.5905430800756,999.9999999945437,3169.943165999996,1,5.505171429831535e-09,55.837456120871515,111.67491224174293,2167.2816980634234,55.837456120871515,1,0,1365.586789612309,79.31540774415662,39.65770387207832,1
40,analytic_far_range,global_random,1649.4955661031443,271.57979891292956,486.26556911253215,740.0890019365306,649.5031748924147,267.67883484652924,1351.5905430800756,1000.0000000000001,0.0,1,4.433786671143025e-11,58.96415354187041,117.92830707570309,1922.4533017234644,58.96415354187041,1,0,1072.5994875339093,77.79346998543471,38.89673499271738,1
40,fixed_750_375,global_random,1649.4955661031443,271.57979891292956,486.26556911253215,740.0890019365306,813.1885252287686,210.6246237106103,1351.5905430800756,838.5254915624212,0.0,1,161.47450843762522,76.62609994462667,153.25219987549158,2753.843531663413,76.62609994462667,1,0,1732.5005494620418,110.86966561679947,55.434832808399776,1
41,minimax_mec,global_random,-553.2618097394654,-882.3805649768246,-106.60606099923794,-660.1195885793828,438.50331859940206,-1010.4505856689348,1173.6085934225741,999.9999999945439,3113.0770830000074,1,5.418655746325385e-09,55.823857074623476,111.6477141492469,2166.5531025396194,55.823857074623476,1,0,459.5206005896325,41.21725113376309,20.60862556688155,1
41,analytic_far_range,global_random,-553.2618097394654,-882.3805649768246,-106.60606099923794,-660.1195885793828,112.46639363974805,-136.18624764019103,1173.6085934225741,1000.0,0.0,1,-4.661160346586257e-12,59.0108241544803,118.02164830517421,1924.626758823637,59.0108241544803,1,0,518.237453126756,51.975382904197474,25.987691452098776,1
41,fixed_750_375,global_random,-553.2618097394654,-882.3805649768246,-106.60606099923794,-660.1195885793828,-39.40423483589075,-219.7529223944939,1173.6085934225741,838.5254915624212,0.0,1,161.47450843757724,76.68094461619904,153.36188922924768,2756.6837052142946,76.68094461619904,1,0,330.1627456950955,35.21840256840814,17.60920128420407,1
42,minimax_mec,global_random,903.067336169,233.04034282043514,1103.8369892825244,-351.3308960793255,710.140689891247,-748.1728394927187,1411.082599465397,999.9999999945439,4035.461790999989,1,5.490505827765446e-09,50.358285950152435,100.71657190030473,1839.7994756237604,50.358285950152435,1,0,470.66954723361414,38.87127484052941,19.435637420264708,1
42,analytic_far_range,global_random,903.067336169,233.04034282043514,1103.8369892825244,-351.3308960793255,1578.6091013603145,-504.28138036572125,1411.082599465397,1000.0000000000001,0.0,1,2.580691216280684e-11,55.56972945866538,111.13945889420457,1776.6791327786632,55.56972945866538,1,0,465.0724952770397,43.67473131455495,21.837365657277473,1
42,fixed_750_375,global_random,903.067336169,233.04034282043514,1103.8369892825244,-351.3308960793255,1510.721796849397,-344.7840737761775,1411.082599465397,838.525491562421,0.0,1,161.47450843760316,72.62113088863238,145.24226177726464,2577.9105322044343,72.62113088863238,1,0,317.3252263549948,30.801609605246373,15.400804802623187,1
43,minimax_mec,global_random,-842.1839381338457,494.7610878065034,-520.4984711003673,1095.7095923384402,25.269677421818415,992.2791526528902,1200.7364315344741,999.9999999945437,3468.0490420000183,1,5.4942574934102595e-09,52.068292123976356,104.13658424795271,1953.3488960693358,52.068292123976356,1,0,481.76288743899204,36.78172982879539,18.39086491439774,1
43,analytic_far_range,global_random,-842.1839381338457,494.7610878065034,-520.4984711003673,1095.7095923384402,-745.5702753128463,1490.0830458463681,1200.7364315344741,1000.0000000000001,0.0,1,1.0231815394945443e-12,57.85617953733736,115.71235903542846,1876.0480247426312,57.85617953733736,1,0,441.8528525994625,40.777621663944615,20.38881083197241,1
43,fixed_750_375,global_random,-842.1839381338457,494.7610878065034,-520.4984711003673,1095.7095923384402,-818.7853139301174,1332.9600524833709,1200.7364315344741,838.525491562421,0.0,1,161.4745084375768,75.32236878638027,150.6447375301945,2715.030622703838,75.32236878638027,1,0,323.02937133796513,29.65882545669255,14.829412728346288,1
44,minimax_mec,global_random,869.0489148964316,671.051680898978,24.059387577479946,1643.4777422144573,-83.29896859943472,976.0656294161427,1481.4116218627107,999.9999999945438,3907.5275830000182,1,5.4928932513576e-09,52.002979942920874,104.00595988584152,1956.3263005108747,52.002979942920874,1,0,1479.096896479692,85.26968510074984,42.63484255037503,1
44,analytic_far_range,global_random,869.0489148964316,671.051680898978,24.059387577479946,1643.4777422144573,-20.8525041745379,1127.2045766866456,1481.4116218627107,1000.0,0.0,1,3.808509063674137e-11,54.2143515169789,108.42870303395758,1732.103443389933,54.2143515169789,1,0,1231.5524876069976,85.99904552423457,42.99952276211729,1
44,fixed_750_375,global_random,869.0489148964316,671.051680898978,24.059387577479946,1643.4777422144573,98.29563764738987,1001.3006560826441,1481.4116218627107,838.525491562421,0.0,1,161.47450843761658,71.0125315251742,142.0250630503484,2525.549244938011,71.0125315251742,1,0,1999.4592154397833,122.60603682922951,61.303018414614755,1
45,minimax_mec,global_random,358.7866018853539,578.170400065726,680.0286154345598,-196.47806609923813,167.24545969614832,-403.31418505924796,1207.2140545423315,999.9999999945438,3171.90120799998,1,5.472770681080874e-09,55.82501807240678,111.65003614481355,2166.615301916143,55.82501807240678,1,0,554.0094738732441,34.90046674592576,17.45681019666551,1
45,analytic_far_range,global_random,358.7866018853539,578.170400065726,680.0286154345598,-196.47806609923813,1060.6553612943273,-134.13588557669948,1207.2140545423315,1000.0000000000001,0.0,1,5.070432962384075e-11,59.0054312493987,118.01086247987443,1924.3755681922194,59.0054312493987,1,0,412.03243462438695,35.711037460234905,17.855518730117453,1
45,fixed_750_375,global_random,358.7866018853539,578.170400065726,680.0286154345598,-196.47806609923813,987.0214074856927,22.791224157676197,1207.2140545423315,838.5254915624212,0.0,1,161.47450843763056,76.67460748578058,153.34921497156105,2756.3554824860767,76.67460748578058,1,0,409.53318492753897,36.32662249328711,18.163311246643598,1
46,minimax_mec,global_random,172.08020719356483,-556.4608082838432,-1167.7508209720502,-160.7032645244638,-790.6746778909292,-826.8365306315244,1487.730814975341,999.9999999945437,3823.3559999999898,1,5.41058398084715e-09,55.82463208407369,111.64926414971643,2166.59462363075,55.82463208407369,1,0,1980.7984412816586,104.6042074320735,52.30210371603675,1
46,analytic_far_range,global_random,172.08020719356483,-556.4608082838432,-1167.7508209720502,-160.7032645244638,-823.634020509329,-648.9441946298768,1487.730814975341,1000.0,0.0,1,-3.9108272176235914e-11,58.94811814645826,117.89623629291653,1921.7067246341612,58.94811814645826,1,0,1770.1261684925412,111.29286302969638,55.64643151484826,1
46,fixed_750_375,global_random,172.08020719356483,-556.4608082838432,-1167.7508209720502,-160.7032645244638,-655.5374609994694,-691.2717696138652,1487.730814975341,838.5254915624212,0.0,1,161.4745084375371,76.60725475482425,153.2145095096485,2774.250444369274,76.60725475482425,1,0,2775.047657260555,150.72200664831195,75.36100332415606,1
47,minimax_mec,global_random,1311.6459953270514,125.50716613986282,918.4558613368157,-30.763271094693387,330.72262253261954,319.9019620956275,1388.1260362064565,999.9999999945437,3155.901,1,5.4158135753823444e-09,55.822410568559015,111.64482113711803,2166.475608198223,55.822410568559015,1,0,445.3659077496195,43.72582460554485,21.862912302772482,1
47,analytic_far_range,global_random,1311.6459953270514,125.50716613986282,918.4558613368157,-30.763271094693387,597.3014684944108,-574.2870157338155,1388.1260362064565,1000.0,0.0,1,-6.082245818106458e-11,59.019627230554306,118.03925445185294,1925.036813833016,59.019627230554306,1,0,533.6075472824814,57.602882562426906,28.801441281213453,1
47,fixed_750_375,global_random,1311.6459953270514,125.50716613986282,918.4558613368157,-30.763271094693387,754.442065103997,-501.10976639865504,1388.1260362064565,838.525491562421,0.0,1,161.4745084375188,76.69128885118955,153.3825777023791,2757.2194968327094,76.69128885118955,1,0,340.51407979205396,38.98624965304436,19.49312482652218,1
48,minimax_mec,edge_outward_stress,1062.1427083833473,-1327.6535157465753,1118.7775801962853,-1405.913284031843,1187.0915461532595,-1331.2295386699052,1122.8962482479458,125.00000000000006,3170.968082999991,1,874.9999999999534,2.7576628565285364,5.515325700691318,12.295484218746424,2.7576628565285364,1,0,12.199987393338233,5.479338957102342,2.7396694785512845,1
48,analytic_far_range,edge_outward_stress,1062.1427083833473,-1327.6535157465753,1118.7775801962853,-1405.913284031843,1919.134789736697,-1842.9830923261209,1122.8962482479458,1000.0,0.0,1,-2.773958840407431e-11,43.55177877454517,87.1035575490902,166.15276203444228,43.55177877454517,1,0,61.03468185244128,22.537893578599284,11.276806831014778,1
48,fixed_750_375,edge_outward_stress,1062.1427083833473,-1327.6535157465753,1118.7775801962853,-1405.913284031843,1808.7800981642963,-1709.3046760763864,1122.8962482479458,838.525491562421,0.0,1,161.47450843754802,31.619423873410604,63.23884774682107,137.81357377255335,31.619423873410604,1,0,46.62845239741728,17.246979309050513,8.629504501314553,1
49,minimax_mec,edge_outward_stress,57.962096077858924,1572.2362988101938,136.21396245123447,1676.1354185148014,328.8117347760937,1619.8332862840073,1316.234306361592,274.99999999917577,3872.7659159999916,1,725.0000000008658,6.804810546481467,13.609621092962934,66.14472181524616,6.804810546481467,1,0,33.580234880093485,10.2407806617502,5.120390330875167,1
49,analytic_far_range,edge_outward_stress,57.962096077858924,1572.2362988101938,136.21396245123447,1676.1354185148014,289.93397597082327,2544.9587910652685,1316.234306361592,999.9999999999999,0.0,1,1.5688783605583012e-11,43.55177879169201,87.103557583384,454.5456426149467,43.55177879169201,1,0,364.7238292770926,77.72582923186467,38.86291461593234,1
49,fixed_750_375,edge_outward_stress,57.962096077858924,1572.2362988101938,136.21396245123447,1676.1354185148014,195.89689028129595,2399.33906905586,1316.234306361592,838.5254915624209,0.0,1,161.4745084375919,31.61942384616728,63.23884769233456,311.8148785872618,31.61942384616728,1,0,243.08568360825302,55.23021114443321,27.615105572216613,1
50,minimax_mec,edge_outward_stress,-1021.6529496053806,-1212.6352347688508,-1059.3590130187451,-1207.4441944430812,-1246.5285353706654,-977.9951467057143,1098.246093731785,324.9999999993175,4688.1615000000065,1,675.0000000006603,8.843495023266826,17.686990046533523,98.24857122637331,8.843495023266826,1,0,19.54838970163837,16.466072211069,8.233036105534524,1
50,analytic_far_range,edge_outward_stress,-1021.6529496053806,-1212.6352347688508,-1059.3590130187451,-1207.4441944430812,-1985.7365874074533,-1478.2340663218565,1098.246093731785,1000.0,0.0,1,3.183231456205249e-11,43.551778820062786,87.10355764012544,514.6479328293353,43.551778820062786,1,0,115.0086661260575,84.34777232239333,42.173886161196734,1
50,fixed_750_375,edge_outward_stress,-1021.6529496053806,-1212.6352347688508,-1059.3590130187451,-1207.4441944430812,-1812.8229832540565,-1490.4390825758119,1098.246093731785,838.5254915624212,0.0,1,161.4745084376134,31.61942386705439,63.238847734108695,338.7539073340595,31.61942386705439,1,0,81.97262371703982,62.65765593143501,31.32882796571752,1
51,minimax_mec,edge_outward_stress,-1613.799673673712,-619.9738110945076,-1651.888071853175,-603.177383417774,-1724.2652398202515,-678.4747401121268,1032.7334816131554,125.00000000000004,3058.2669160000078,1,874.9999999999858,2.771533505696806,5.543067006557046,11.949504633434117,2.771533505696806,1,0,5.631712466711178,4.6356020679355545,2.3178010339678905,1
51,analytic_far_range,edge_outward_stress,-1613.799673673712,-619.9738110945076,-1651.888071853175,-603.177383417774,-2613.468279125237,-594.231253439853,1032.7334816131554,1000.0000000000001,0.0,1,-1.1937117960769683e-11,43.55177878503612,87.10355757007198,162.1854162053205,43.55177878503612,1,0,116.69960172683932,84.96328437198883,42.481642185994545,1
51,fixed_750_375,edge_outward_stress,-1613.799673673712,-619.9738110945076,-1651.888071853175,-603.177383417774,-2451.5460584834295,-656.1123602940672,1032.7334816131554,838.5254915624213,0.0,1,161.47450843756633,31.619423841265974,63.238847682531905,134.36471666395664,31.619423841265974,1,0,84.50619411189109,62.56661941667118,31.283309708335693,1
52,minimax_mec,edge_outward_stress,-1545.2740527377957,210.0787095104956,-1666.4701616581622,168.22945711452974,-1676.6478846539512,-2.620411990402033,1072.8460405035014,249.99999999917577,4347.488791999978,1,750.0000000008228,6.771336113105798,13.542672225565177,58.469027888728306,6.771336113105798,1,0,28.702766494243406,9.4358729500952,4.7179364750476,1
52,analytic_far_range,edge_outward_stress,-1545.2740527377957,210.0787095104956,-1666.4701616581622,168.22945711452974,-2300.9186995578634,-444.90309766599023,1072.8460405035014,1000.0000000000001,0.0,1,3.410605131648481e-13,43.55177877768157,87.10355755536293,456.62812295753974,43.55177877768157,1,0,258.5170035889605,82.4378293400482,41.2189146700241,1
52,fixed_750_375,edge_outward_stress,-1545.2740527377957,210.0787095104956,-1666.4701616581622,168.22945711452974,-2139.6124511059397,-381.4336472709916,1072.8460405035014,838.5254915624212,0.0,1,161.47450843757872,31.619423835852096,63.23884767170399,312.86760971392505,31.619423835852096,1,0,193.42815924726892,57.99731506964154,28.998657534820772,1
53,minimax_mec,edge_outward_stress,-1537.515963291574,100.13596696162459,-1568.0021776593626,177.7629226228899,-1370.371935631818,544.7570123687864,1126.9796833510177,475.00000000135026,4107.049458000006,1,524.9999999986176,12.180801806540694,24.361603610672802,202.5944104436785,12.180801806540694,1,0,59.764798592426814,21.4383451542616,10.719172577130823,1
53,analytic_far_range,edge_outward_stress,-1537.515963291574,100.13596696162459,-1568.0021776593626,177.7629226228899,-2232.3925680239176,819.2649569179817,1126.9796833510177,1000.0,0.0,1,3.410605131648481e-13,43.55177882872905,87.1035576574581,533.3856894839555,43.55177882872905,1,0,127.21762490953552,86.96370966624926,43.48185483312464,1
53,fixed_750_375,edge_outward_stress,-1537.515963291574,100.13596696162459,-1568.0021776593626,177.7629226228899,-2160.295180132459,661.625990979019,1126.9796833510177,838.5254915624212,0.0,1,161.47450843758168,31.619423873436983,63.238847746873965,342.63209702214226,31.619423873436983,1,0,112.87288424267899,61.508832557166286,30.754416278583196,1
54,minimax_mec,edge_outward_stress,1209.385794759961,938.3677952006349,1419.2144497474844,1009.5357841381581,1463.9355343708512,834.3032476180181,1226.537550619743,274.99999999917577,3827.0534159999843,1,725.0000000008733,7.255744673061085,14.51148934612196,69.3565855640918,7.255744673061085,1,0,48.361190484371036,10.244273434088509,5.122136717044307,1
54,analytic_far_range,edge_outward_stress,1209.385794759961,938.3677952006349,1419.2144497474844,1009.5357841381581,1959.678840398618,1599.4731919916976,1226.537550619743,1000.0000000000001,0.0,1,6.0254023992456496e-12,43.55177880047692,87.10355760095362,472.13145189732313,43.55177880047692,1,0,470.35922067193314,70.78296691198089,35.39148345599047,1
54,fixed_750_375,edge_outward_stress,1209.385794759961,938.3677952006349,1419.2144497474844,1009.5357841381581,1798.8940888928146,1534.6940239953888,1226.537550619743,838.5254915624212,0.0,1,161.47450843758133,31.619423852635197,63.23884770527022,320.515207876917,31.619423852635197,1,0,310.7207331950776,49.58602722206918,24.793013611034688,1
55,minimax_mec,edge_outward_stress,345.9940944365276,1468.267378561229,644.4559945227738,1596.0731479235599,524.8372467554434,1853.806127417658,1249.9180355804378,425.0000000013501,5262.7889170000235,1,574.9999999986121,11.215931775947796,22.431863545167474,159.61484962003306,11.215931775947796,1,0,109.60809693858027,14.936366663249931,7.468183331625018,1
55,analytic_far_range,edge_outward_stress,345.9940944365276,1468.267378561229,644.4559945227738,1596.0731479235599,1031.3767549269455,2196.4504659088248,1249.9180355804378,999.9999999999999,0.0,1,-3.979039320256561e-11,43.5517788281633,87.10355765632646,533.8383907959796,43.5517788281633,1,0,519.6201526266523,64.65088656060975,32.32544328030499,1
55,fixed_750_375,edge_outward_stress,345.9940944365276,1468.267378561229,644.4559945227738,1596.0731479235599,877.3324880767275,2116.9618455052996,1249.9180355804378,838.5254915624212,0.0,1,161.47450843753904,31.619423874399004,63.23884774879796,342.6052095890045,31.619423874399004,1,0,339.07609927491285,44.26646975177486,22.133234875887478,1
56,minimax_mec,edge_outward_stress,-973.5942994374425,-1300.9892450685059,-906.4659950541972,-1439.4923103378005,-671.5466775123157,-1420.9568827418882,1239.1859193793098,324.99999999931737,4186.701125000013,1,675.00000000072,8.23363081531056,16.46726163062112,94.31011874647811,8.23363081531056,1,0,47.10567501094192,12.169477066362713,6.084738533181428,1
56,analytic_far_range,edge_outward_stress,-973.5942994374425,-1300.9892450685059,-906.4659950541972,-1439.4923103378005,-230.94228430004068,-1970.6667677705573,1239.1859193793098,1000.0000000000001,0.0,1,2.751221472863108e-11,43.55177882892029,87.10355765784033,509.4711468135938,43.55177882892029,1,0,329.7257645651698,79.43024323520889,39.715121617604545,1
56,fixed_750_375,edge_outward_stress,-973.5942994374425,-1300.9892450685059,-906.4659950541972,-1439.4923103378005,-313.7020835416131,-1818.3549410709486,1239.1859193793098,838.5254915624212,0.0,1,161.47450843760873,31.61942387485895,63.23884774971785,336.5744015853852,31.61942387485895,1,0,234.5127017623745,55.7575487742808,27.8787743871405,1
57,minimax_mec,edge_outward_stress,1328.1043400347553,1085.535812829018,1365.5450334824336,1112.5820076677815,1438.024913630005,1026.0171812882027,1410.4470330061397,125.00000000000006,2826.1085409999964,1,875.0000000000479,2.8467024128850267,5.693404825769962,12.085804352071136,2.8467024128850267,1,0,6.328170185443014,4.375986835358935,2.1879934176795777,1
57,analytic_far_range,edge_outward_stress,1328.1043400347553,1085.535812829018,1365.5450334824336,1112.5820076677815,1855.2726250338599,1935.2967199617847,1410.4470330061397,999.9999999999999,0.0,1,8.412825991399586e-12,42.768482103238604,85.5369642064769,127.16103544272482,42.768482103238604,1,0,126.53549238946289,77.51821377103958,38.759106885519884,1
57,fixed_750_375,edge_outward_stress,1328.1043400347553,1085.535812829018,1365.5450334824336,1112.5820076677815,1720.0762184205773,1826.8070496611847,1410.4470330061397,838.5254915624212,0.0,1,161.47450843758395,31.61942387604803,63.23884775209606,112.41919440357015,31.61942387604803,1,0,100.34664325043559,61.984991524289335,30.99249576214474,1
58,minimax_mec,edge_outward_stress,-1668.4687768919277,-341.16819463598694,-1762.8282824554342,-318.44727321099515,-1765.4360780959494,-420.05002078883746,1318.536225747332,124.99999999999994,2946.441875000005,1,874.9999999999868,2.9956776481072964,5.991355266164757,13.463500985642895,2.9956776481072964,1,0,12.35307695902884,5.537003452953039,2.768501726476569,1
58,analytic_far_range,edge_outward_stress,-1668.4687768919277,-341.16819463598694,-1762.8282824554342,-318.44727321099515,-2654.031226763459,-510.48050193591666,1318.536225747332,1000.0000000000002,0.0,1,-2.5352164811920375e-11,43.55177880405943,87.10355760811863,181.4369617193006,43.55177880405943,1,0,48.04764809925109,18.10674510329938,9.0533725516498,1
58,fixed_750_375,edge_outward_stress,-1668.4687768919277,-341.16819463598694,-1762.8282824554342,-318.44727321099515,-2483.161654728693,-539.6638238121703,1318.536225747332,838.5254915624208,0.0,1,161.4745084375553,31.619423855272814,63.23884771054542,147.4775561641436,31.619423855272814,1,0,42.7025997415185,15.873343320800092,7.936671660400156,1
59,minimax_mec,edge_outward_stress,-535.9142130392429,-1461.131465614442,-663.2071792612145,-1567.8976058658188,-810.6915539732627,-1450.067428883835,1003.860363097635,274.99999999917594,4047.75699999999,1,725.0000000007828,7.053000129525415,14.106000259050814,67.786971361842,7.053000129525415,1,0,39.00484044197947,9.792286345055722,4.896143172527867,1
59,analytic_far_range,edge_outward_stress,-535.9142130392429,-1461.131465614442,-663.2071792612145,-1567.8976058658188,-1000.5388286103184,-2346.639210699391,1003.860363097635,1000.0000000000002,0.0,1,-5.729816621169448e-11,43.551778774250586,87.10355754850102,465.57596363592893,43.551778774250586,1,0,363.2836818806827,77.79975874488478,38.89987937244243,1
59,fixed_750_375,edge_outward_stress,-535.9142130392429,-1461.131465614442,-663.2071792612145,-1567.8976058658188,-873.5035888486073,-2228.6980186511437,1003.860363097635,838.5254915624212,0.0,1,161.47450843752324,31.619423873427007,63.23884774685395,317.32475610496476,31.619423873427007,1,0,253.03304877411574,54.584349564421856,27.29217478221101,1
60,minimax_mec,edge_outward_stress,-1467.3794625339715,579.0233169123301,-1494.622768135605,617.1244559942021,-1443.7802286610752,827.9069768022478,1110.814485382019,249.99999999917574,4029.097124999993,1,750.0000000007916,6.64945819673692,13.298916393440967,56.98543517664075,6.64945819673692,1,0,15.781700486084446,11.853679013629929,5.926839506815015,1
60,analytic_far_range,edge_outward_stress,-1467.3794625339715,579.0233169123301,-1494.622768135605,617.1244559942021,-2307.9768315120664,1120.6837855336842,1110.814485382019,1000.0000000000002,0.0,1,7.503331289626658e-12,43.55177880124966,87.1035576024991,449.1540022920817,43.55177880124966,1,0,203.23718310100958,84.47095017046,42.23547508523004,1
60,fixed_750_375,edge_outward_stress,-1467.3794625339715,579.0233169123301,-1494.622768135605,617.1244559942021,-2201.8211347726483,983.6471299526112,1110.814485382019,838.5254915624213,0.0,1,161.47450843758895,31.619423853204044,63.23884770640809,309.06444515893236,31.619423853204044,1,0,130.66600608150475,60.80518401181498,30.40259200590754,1
61,minimax_mec,edge_outward_stress,-1524.4713640501693,-423.8543872938637,-1735.9577013490539,-248.64066893566752,-1582.9543574025902,-104.15962742423892,1401.548505977061,324.9999999993174,4907.839082999999,1,675.0000000006523,8.64429564523857,17.28859129047714,96.82186000002548,8.64429564523857,1,0,70.74494461517315,12.826214495323992,6.413107247662109,1
61,analytic_far_range,edge_outward_stress,-1524.4713640501693,-423.8543872938637,-1735.9577013490539,-248.64066893566752,-2480.7075972260964,-131.25864849797114,1401.548505977061,1000.0000000000001,0.0,1,1.864464138634503e-11,43.55177882578087,87.10355765156174,511.1382491636323,43.55177882578087,1,0,497.25403122627176,68.02129126288396,34.01064563144207,1
61,fixed_750_375,edge_outward_stress,-1524.4713640501693,-423.8543872938637,-1735.9577013490539,-248.64066893566752,-2341.2802748105637,-234.25427309975709,1401.548505977061,838.5254915624212,0.0,1,161.47450843760043,31.619423871264917,63.238847742529835,337.52999591687694,31.619423871264917,1,0,328.09833694063127,47.04695680080504,23.523478400402627,1
62,minimax_mec,edge_outward_stress,972.9354468626332,1343.8121323123685,1035.8524063790526,1427.7632274741516,925.9142927173095,1512.376692831007,1488.7609959913036,175.00000000000006,3318.2838330000095,1,825.0000000000393,3.904454969584457,7.8089099329082625,24.424711524974555,3.904454969584457,1,0,17.687248047906905,6.108442568413507,3.0546389305133954,1
62,analytic_far_range,edge_outward_stress,972.9354468626332,1343.8121323123685,1035.8524063790526,1427.7632274741516,1211.361588912578,2314.9727651569974,1488.7609959913036,1000.0000000000003,0.0,1,2.2509993868879974e-11,43.55177883109113,87.10355766218225,264.3816381553188,43.55177883109113,1,0,257.228921584785,71.5949873672159,35.79749368360807,1
62,fixed_750_375,edge_outward_stress,972.9354468626332,1343.8121323123685,1035.8524063790526,1427.7632274741516,1116.3595868749162,2169.980708367968,1488.7609959913036,838.525491562421,0.0,1,161.4745084376044,31.61942387617929,63.23884775235858,200.98598279384896,31.61942387617929,1,0,194.71521548368037,57.93304561073172,28.96652280536592,1
63,minimax_mec,edge_outward_stress,623.7457126270709,-1373.959091864998,838.9991577085225,-1581.2465090044498,658.5760023918356,-1671.930316842332,1053.8912064035758,299.9999999993175,6453.169874999986,1,700.0000000006878,8.074870580417384,16.14974116083466,83.59109714766964,8.074870580417384,1,0,81.258274062071,15.754352819348602,7.877176409674304,1
63,analytic_far_range,edge_outward_stress,623.7457126270709,-1373.959091864998,838.9991577085225,-1581.2465090044498,1559.1094943315775,-1727.6462359280022,1053.8912064035758,1000.0,0.0,1,2.7853275241795927e-11,43.55177882803885,87.10355765607763,497.0917667634785,43.55177882803885,1,0,482.7608776129782,60.41245679059196,30.206228395296026,1
63,fixed_750_375,edge_outward_stress,623.7457126270709,-1373.959091864998,838.9991577085225,-1581.2465090044498,1426.6185190950528,-1615.8686961270587,1053.8912064035758,838.5254915624213,0.0,1,161.47450843760714,31.619423874322933,63.2388477486458,331.89924482489005,31.619423874322933,1,0,331.71883205883205,45.36414611743043,22.68207305871527,1
