x_m,y_m,worst_mec_radius_m
1400.0,-900.0,27.645488841027046
1425.0,-900.0,27.04105552755804
1350.0,-875.0,28.793320959942115
1375.0,-875.0,28.12558306559339
1400.0,-875.0,27.481765518763623
1425.0,-875.0,26.861856450872224
1450.0,-875.0,26.26582209475898
1475.0,-875.0,25.69360541858702
1300.0,-850.0,30.122860063864152
1325.0,-850.0,29.387693699406398
1350.0,-850.0,28.677200672588462
1375.0,-850.0,27.99142105497743
1400.0,-850.0,27.330375279640162
1425.0,-850.0,26.694062228296556
1450.0,-850.0,26.082457288510323
1475.0,-850.0,25.49551040485673
1500.0,-850.0,24.933144338280073
1525.0,-850.0,24.395253010990395
1275.0,-825.0,30.844601604983062
1300.0,-825.0,30.06314164559818
1325.0,-825.0,29.307116300518267
1350.0,-825.0,28.576599958727527
1375.0,-825.0,27.871648631380065
1400.0,-825.0,27.19229750414182
1425.0,-825.0,26.53855883230255
1450.0,-825.0,25.91041951150361
1475.0,-825.0,25.30783882999465
1500.0,-825.0,24.730746356899566
1525.0,-825.0,24.17903986312296
1550.0,-825.0,23.652583503595835
1225.0,-800.0,32.514974201738376
1250.0,-800.0,31.65818108071011
1275.0,-800.0,30.827453759500003
1300.0,-800.0,30.02291757388005
1325.0,-800.0,29.24468330284043
1350.0,-800.0,28.492844921768114
1375.0,-800.0,27.767477221716558
1400.0,-800.0,27.068633144822755
1425.0,-800.0,26.396341145582838
1450.0,-800.0,25.7506025942855
1475.0,-800.0,25.131388956938487
1500.0,-800.0,24.53863928902865
1525.0,-800.0,23.97225755933714
1550.0,-800.0,23.43211059136207
1575.0,-800.0,22.918025868384877
1600.0,-800.0,22.42979014009249
1200.0,-775.0,33.48247771361913
1225.0,-775.0,32.5725228196672
1250.0,-775.0,31.689346031792436
1275.0,-775.0,30.833107890527046
1300.0,-775.0,30.003956759571462
1325.0,-775.0,29.202026408858387
1350.0,-775.0,28.427433554136687
1375.0,-775.0,27.680275015759523
1400.0,-775.0,26.96062483892764
1425.0,-775.0,26.26853124637087
1450.0,-775.0,25.604013482419507
1475.0,-775.0,24.96705859076699
1500.0,-775.0,24.35761823791504
1525.0,-775.0,23.775605752595602
1550.0,-775.0,23.22089314620612
1575.0,-775.0,22.69330862887937
1600.0,-775.0,22.192634570346513
1625.0,-775.0,22.01233060455223
1175.0,-750.0,34.56412234418877
1200.0,-750.0,33.597613947582985
1225.0,-750.0,32.65858322595689
1250.0,-750.0,31.747225950301253
1275.0,-750.0,30.86372843661414
1300.0,-750.0,30.00826519889873
1325.0,-750.0,29.180996414310894
1350.0,-750.0,28.382065038987665
1375.0,-750.0,27.611593741814005
1400.0,-750.0,26.869681653673638
1425.0,-750.0,26.15640069811701
1450.0,-750.0,25.47179208131364
1475.0,-750.0,24.815862433970707
1500.0,-750.0,24.18858008018081
1525.0,-750.0,23.589871237460493
1550.0,-750.0,23.019616565228162
1575.0,-750.0,22.477647883801378
1600.0,-750.0,21.96374544872019
1625.0,-750.0,21.861110576127142
1650.0,-750.0,22.579254407928026
1150.0,-725.0,35.77134162726624
1175.0,-725.0,34.74465072692974
1200.0,-725.0,33.74612214313415
1225.0,-725.0,32.7759861603611
1250.0,-725.0,31.834466630898998
1275.0,-725.0,30.921778826502244
1300.0,-725.0,30.038126969760025
1325.0,-725.0,29.18370136585115
1350.0,-725.0,28.358675273347025
1375.0,-725.0,27.563201522377526
1400.0,-725.0,26.797408739106068
1425.0,-725.0,26.06139733709174
1450.0,-725.0,25.355235278391948
1475.0,-725.0,24.678953565816858
1500.0,-725.0,24.03254186273899
1525.0,-725.0,23.41594390671255
1550.0,-725.0,22.829053184509362
1575.0,-725.0,22.271708818053987
1600.0,-725.0,21.74369202862175
1625.0,-725.0,21.729260503575503
1650.0,-725.0,22.471864480774872
1675.0,-725.0,23.24319797338605
1100.0,-700.0,38.23630237273114
1125.0,-700.0,37.116974603025156
1150.0,-700.0,36.026212922563666
1175.0,-700.0,34.96428205167915
1200.0,-700.0,33.931445343149356
1225.0,-700.0,32.92796300104964
1250.0,-700.0,31.954090167446083
1275.0,-700.0,31.01007460048193
1300.0,-700.0,30.096154008335645
1325.0,-700.0,29.212553039708176
1350.0,-700.0,28.359479825542135
1375.0,-700.0,27.53712223708159
1400.0,-700.0,26.745643623886455
1425.0,-700.0,25.98517826421217
1450.0,-700.0,25.255826464821254
1475.0,-700.0,24.557649414686143
1500.0,-700.0,23.890663787729043
1525.0,-700.0,23.254836411195903
1550.0,-700.0,22.65007878442687
1575.0,-700.0,22.076242136073535
1600.0,-700.0,21.533112680872964
1625.0,-700.0,21.61882383611056
1650.0,-700.0,22.38759411793039
1675.0,-700.0,23.186070907339598
1700.0,-700.0,24.014199580658275
1100.0,-675.0,38.615480261797096
1125.0,-675.0,37.45647327440985
1150.0,-675.0,36.326949248786526
1175.0,-675.0,35.227202505318026
1200.0,-675.0,34.157527675665285
1225.0,-675.0,33.11821799813636
1250.0,-675.0,32.10956330007042
1275.0,-675.0,31.13184762459256
1300.0,-675.0,30.185346422182125
1325.0,-675.0,29.270323308279817
1350.0,-675.0,28.38702644032162
1375.0,-675.0,27.535684155787017
1400.0,-675.0,26.71650052978921
1425.0,-675.0,25.929649953784935
1450.0,-675.0,25.175271747444558
1475.0,-675.0,24.453463992558984
1500.0,-675.0,23.764277296604224
1525.0,-675.0,23.107708277861438
1550.0,-675.0,22.48369303326512
1575.0,-675.0,21.892100878962072
1600.0,-675.0,21.332728300928686
1625.0,-675.0,21.53214198856052
1650.0,-675.0,22.328969676671132
1675.0,-675.0,23.156549595634754
1700.0,-675.0,24.014823154269823
1725.0,-675.0,24.90373186327776
1075.0,-650.0,40.28319708247681
1100.0,-650.0,39.051451025649136
1125.0,-650.0,37.849824486537834
1150.0,-650.0,36.67864032272763
1175.0,-650.0,35.538224897653805
1200.0,-650.0,34.42890706673941
1225.0,-650.0,33.3510162806294
1250.0,-650.0,32.30488073257235
1275.0,-650.0,31.29082485464885
1300.0,-650.0,30.309166504710205
1325.0,-650.0,29.360213394282624
1350.0,-650.0,28.444259282559976
1375.0,-650.0,27.56157934592649
1400.0,-650.0,26.71242502316885
1425.0,-650.0,25.8970181788664
1450.0,-650.0,25.115544750485093
1475.0,-650.0,24.36814781892748
1500.0,-650.0,23.654920092881095
1525.0,-650.0,22.97589629637185
1550.0,-650.0,22.331045127925332
1575.0,-650.0,21.72026154607823
1600.0,-650.0,21.143359187497246
1625.0,-650.0,21.471910748727602
1650.0,-650.0,22.29889961061135
1675.0,-650.0,23.157762662907373
1700.0,-650.0,24.048436854423787
1725.0,-650.0,24.970859345015725
1750.0,-650.0,25.924967428330007
1050.0,-625.0,42.13865926970956
1075.0,-625.0,40.82932078249317
1100.0,-625.0,39.55072473879685
1125.0,-625.0,38.30321944134798
1150.0,-625.0,37.08716009357393
1175.0,-625.0,35.902907860321925
1200.0,-625.0,34.750828675161195
1225.0,-625.0,33.63129172431571
1250.0,-625.0,32.54466740013371
1275.0,-625.0,31.491324975966542
1300.0,-625.0,30.47162965987323
1325.0,-625.0,29.485938928502893
1350.0,-625.0,28.53459848338378
1375.0,-625.0,27.617937243821462
1400.0,-625.0,26.736261752110146
1425.0,-625.0,25.889849635756153
1450.0,-625.0,25.07894248405499
1475.0,-625.0,24.303737734169037
1500.0,-625.0,23.564380125838127
1525.0,-625.0,22.860952440347248
1550.0,-625.0,22.193465952352607
1575.0,-625.0,21.561850790772993
1600.0,-625.0,20.96594652463462
1625.0,-625.0,21.441249625587833
1650.0,-625.0,22.300749306772996
1675.0,-625.0,23.19332994539557
1700.0,-625.0,24.118923607293596
1725.0,-625.0,25.077462503098356
1750.0,-625.0,26.06887902601308
1775.0,-625.0,27.093105827147358
1025.0,-600.0,44.20298416615979
1050.0,-600.0,42.81079140548889
1075.0,-600.0,41.44995308197278
1100.0,-600.0,40.12083988571331
1125.0,-600.0,38.82383228944801
1150.0,-600.0,37.55932030923422
1175.0,-600.0,36.327702457675045
1200.0,-600.0,35.12938493965543
1225.0,-600.0,33.964780118289724
1250.0,-600.0,32.83430482449457
1275.0,-600.0,31.738377787228384
1300.0,-600.0,30.677416986029314
1325.0,-600.0,29.65183578042343
1350.0,-600.0,28.662038735006668
1375.0,-600.0,27.708416336078518
1400.0,-600.0,26.791338878559
1425.0,-600.0,25.911149299718318
1450.0,-600.0,25.06815517743529
1475.0,-600.0,24.262619507963375
1500.0,-600.0,23.494750762521633
1525.0,-600.0,22.764691928490123
1550.0,-600.0,22.072509016360158
1575.0,-600.0,21.418179348660008
1600.0,-600.0,20.80157964809794
1625.0,-600.0,21.443788936667886
1650.0,-600.0,22.338434662863545
1675.0,-600.0,23.26746303027327
1700.0,-600.0,24.230800556432847
1725.0,-600.0,25.228373908630612
1750.0,-600.0,26.260109991284363
1775.0,-600.0,27.325935872767694
1800.0,-600.0,28.4257789537976
1000.0,-575.0,46.500349945716856
1025.0,-575.0,45.019573658486195
1050.0,-575.0,43.570756266911914
1075.0,-575.0,42.154287695545925
1100.0,-575.0,40.77057032751899
1125.0,-575.0,39.42001906445792
1150.0,-575.0,38.103060846589486
1175.0,-575.0,36.82013439314901
1200.0,-575.0,35.571689277132215
1225.0,-575.0,34.35818479891219
1250.0,-575.0,33.18008832836715
1275.0,-575.0,32.03787317989629
1300.0,-575.0,30.932015753918833
1325.0,-575.0,29.862991965686298
1350.0,-575.0,28.83127280979155
1375.0,-575.0,27.83731894212774
1400.0,-575.0,26.881574134530688
1425.0,-575.0,25.964457534050858
1450.0,-575.0,25.08635467115259
1475.0,-575.0,24.247607161177047
1500.0,-575.0,23.44850111456164
1525.0,-575.0,22.68925436104753
1550.0,-575.0,21.97000273595458
1575.0,-575.0,21.290785604954
1600.0,-575.0,20.651531276585008
1625.0,-575.0,21.483778546814193
1650.0,-575.0,22.416539477004513
1675.0,-575.0,23.38509123915286
1700.0,-575.0,24.389354089055594
1725.0,-575.0,25.429248435163437
1750.0,-575.0,26.504694959544626
1775.0,-575.0,27.615614624217006
1800.0,-575.0,28.761928580153597
975.0,-550.0,49.05858860397512
1000.0,-550.0,47.48296078436347
1025.0,-550.0,45.9398928649992
1050.0,-550.0,44.42979104054135
1075.0,-550.0,42.95307612104357
1100.0,-550.0,41.510183972664
1125.0,-550.0,40.10156575458918
1150.0,-550.0,38.72768786017804
1175.0,-550.0,37.38903183414691
1200.0,-550.0,36.08609384276798
1225.0,-550.0,34.81938383330969
1250.0,-550.0,33.589424208672966
1275.0,-550.0,32.39674793314771
1300.0,-550.0,31.241895947034845
1325.0,-550.0,30.12541377744553
1350.0,-550.0,29.04784707299868
1375.0,-550.0,28.009736135993023
1400.0,-550.0,27.01160906035388
1425.0,-550.0,26.05397349518807
1450.0,-550.0,25.137306672198335
1475.0,-550.0,24.2620440133701
1500.0,-550.0,23.42856581588377
1525.0,-550.0,22.63718239405349
1550.0,-550.0,21.888117731692194
1575.0,-550.0,21.18149198651309
1600.0,-550.0,20.629394189443232
1625.0,-550.0,21.566225982025372
1650.0,-550.0,22.540464058247217
1675.0,-550.0,23.552021342976666
1700.0,-550.0,24.600810859009673
1725.0,-550.0,25.68674600248319
1750.0,-550.0,26.80974042729805
1775.0,-550.0,27.96970806231889
1800.0,-550.0,29.166563029228087
1825.0,-550.0,30.400219791289253
975.0,-525.0,50.232554955543726
1000.0,-525.0,48.58834524986525
1025.0,-525.0,46.97771700712264
1050.0,-525.0,45.401106269252764
1075.0,-525.0,43.85896633897954
1100.0,-525.0,42.351768243575584
1125.0,-525.0,40.88000137935386
1150.0,-525.0,39.4441738992531
1175.0,-525.0,38.04481283738847
1200.0,-525.0,36.682464176106805
1225.0,-525.0,35.357692238571694
1250.0,-525.0,34.07107893211824
1275.0,-525.0,32.82322222396111
1300.0,-525.0,31.614733903628164
1325.0,-525.0,30.446236563530324
1350.0,-525.0,29.31835932379492
1375.0,-525.0,28.23173244353108
1400.0,-525.0,27.18698033591114
1425.0,-525.0,26.184712873312233
1450.0,-525.0,25.225514766314145
1475.0,-525.0,24.309932843571264
1500.0,-525.0,23.43846108595593
1525.0,-525.0,22.611523448816385
1550.0,-525.0,21.829454557711493
1575.0,-525.0,21.09247853026137
1600.0,-525.0,20.716609492328868
1625.0,-525.0,21.697073144908796
1650.0,-525.0,22.716615676747285
1675.0,-525.0,23.775141851647483
1700.0,-525.0,24.872556584572873
1725.0,-525.0,26.008765228500657
1750.0,-525.0,27.18367342674449
1775.0,-525.0,28.39718706731982
1800.0,-525.0,29.64921238540087
1825.0,-525.0,30.939655906689037
1850.0,-525.0,32.26842447176236
950.0,-500.0,53.305181869448134
975.0,-500.0,51.55221674679938
1000.0,-500.0,49.83345113480637
1025.0,-500.0,48.149333707849394
1050.0,-500.0,46.50033182399907
1075.0,-500.0,44.88693270847365
1100.0,-500.0,43.30964421974035
1125.0,-500.0,41.76899592579696
1150.0,-500.0,40.265539936051894
1175.0,-500.0,38.79985143760924
1200.0,-500.0,37.37252927650093
1225.0,-500.0,35.984195976291794
1250.0,-500.0,34.635497349202055
1275.0,-500.0,33.327101792568634
1300.0,-500.0,32.05969840723703
1325.0,-500.0,30.833994613920776
1350.0,-500.0,29.650712343869746
1375.0,-500.0,28.510582885912306
1400.0,-500.0,27.41434009637808
1425.0,-500.0,26.362711400857204
1450.0,-500.0,25.356406757330596
1475.0,-500.0,24.396104701798823
1500.0,-500.0,23.48243577812263
1525.0,-500.0,22.615962897555942
1550.0,-500.0,21.797158660391343
1575.0,-500.0,21.026380041104154
1600.0,-500.0,20.855103220810303
1625.0,-500.0,21.883424992736895
1650.0,-500.0,22.95265455990483
1675.0,-500.0,24.062687296398494
1700.0,-500.0,25.21341890828785
1725.0,-500.0,26.404745472861677
1750.0,-500.0,27.63656344662678
1775.0,-500.0,28.908769539797916
1800.0,-500.0,30.221260943301367
1825.0,-500.0,31.573935087922624
1850.0,-500.0,32.96668981164501
950.0,-475.0,54.87387187997516
975.0,-475.0,53.038516474248816
1000.0,-475.0,51.23844479776618
1025.0,-475.0,49.474135723252274
1050.0,-475.0,47.746089310501404
1075.0,-475.0,46.054828036546965
1100.0,-475.0,44.400898312114315
1125.0,-475.0,42.78487171459415
1150.0,-475.0,41.20734646016427
1175.0,-475.0,39.66894838708585
1200.0,-475.0,38.17033226239826
1225.0,-475.0,36.71218229689748
1250.0,-475.0,35.29521276574394
1275.0,-475.0,33.92016765622479
1300.0,-475.0,32.587820053257616
1325.0,-475.0,31.298970119203798
1350.0,-475.0,30.054442297882016
1375.0,-475.0,28.855080670020985
1400.0,-475.0,27.701742620719557
1425.0,-475.0,26.595290077156676
1450.0,-475.0,25.53657808597345
1475.0,-475.0,24.526440167105868
1500.0,-475.0,23.565670091292038
1525.0,-475.0,22.654999760936196
1550.0,-475.0,21.7950730014902
1575.0,-475.0,20.986415424370506
1600.0,-475.0,21.05279737035782
1625.0,-475.0,22.133848634615433
1650.0,-475.0,23.25781594709052
1675.0,-475.0,24.424583818569072
1700.0,-475.0,25.634037258905995
1725.0,-475.0,26.886061698712513
1750.0,-475.0,28.180542984744225
1775.0,-475.0,29.517367274535136
1800.0,-475.0,30.896421244616736
1825.0,-475.0,32.31759187508075
1850.0,-475.0,33.780766697513535
1875.0,-475.0,35.28583353687345
925.0,-450.0,58.60339832196081
950.0,-450.0,56.6420095790475
975.0,-450.0,54.71654917875977
1000.0,-450.0,52.82750558885112
1025.0,-450.0,50.9753893092847
1050.0,-450.0,49.16073431803996
1075.0,-450.0,47.38409992706924
1100.0,-450.0,45.646072651140265
1125.0,-450.0,43.94726789635424
1150.0,-450.0,42.28833191321057
1175.0,-450.0,40.66994370991309
1200.0,-450.0,39.09281667294251
1225.0,-450.0,37.5577002721934
1250.0,-450.0,36.065381267032016
1275.0,-450.0,34.61668462044492
1300.0,-450.0,33.21247366835785
1325.0,-450.0,31.85364938431244
1350.0,-450.0,30.541148564069225
1375.0,-450.0,29.275940339367185
1400.0,-450.0,28.05902065872828
1425.0,-450.0,26.891404201828408
1450.0,-450.0,25.774113190221712
1475.0,-450.0,24.708162379634434
1500.0,-450.0,23.694539593948697
1525.0,-450.0,22.734181282973065
1550.0,-450.0,21.82794262115587
1575.0,-450.0,20.976562028973973
1600.0,-450.0,21.31933421534826
1625.0,-450.0,22.458770023460993
1650.0,-450.0,23.64333694422766
1675.0,-450.0,24.87290710196408
1700.0,-450.0,26.147352971549765
1725.0,-450.0,27.466547594947905
1750.0,-450.0,28.830364469915356
1775.0,-450.0,30.238677550607438
1800.0,-450.0,31.691361314866633
1825.0,-450.0,33.18829071339775
1850.0,-450.0,34.72934104257894
1875.0,-450.0,36.31438828324418
925.0,-425.0,60.702461089716394
950.0,-425.0,58.64100803060417
975.0,-425.0,56.616636979642806
1000.0,-425.0,54.62986720732052
1025.0,-425.0,52.68124210203411
1050.0,-425.0,50.77133108599426
1075.0,-425.0,48.900731865215235
1100.0,-425.0,47.070072530398924
1125.0,-425.0,45.28001402247339
1150.0,-425.0,43.53125273826016
1175.0,-425.0,41.82452285864028
1200.0,-425.0,40.16059916489184
1225.0,-425.0,38.54029946087684
1250.0,-425.0,36.96448700703653
1275.0,-425.0,35.434072520472306
1300.0,-425.0,33.95001575286595
1325.0,-425.0,32.51332631969429
1350.0,-425.0,31.12506319583643
1375.0,-425.0,29.78633296067678
1400.0,-425.0,28.498285783183785
1425.0,-425.0,27.262108551726207
1450.0,-425.0,26.079014745386136
1475.0,-425.0,24.95022966823906
1500.0,-425.0,23.876970442690677
1525.0,-425.0,22.860419734558448
1550.0,-425.0,21.90169222146843
1575.0,-425.0,21.001793531552018
1600.0,-425.0,21.666570325474073
1625.0,-425.0,22.87100671554681
1650.0,-425.0,24.123029992652917
1675.0,-425.0,25.422497501607015
1700.0,-425.0,26.769267198006567
1725.0,-425.0,28.163197584284568
1750.0,-425.0,29.60414774802756
1775.0,-425.0,31.091977289993554
1800.0,-425.0,32.6265464546508
1825.0,-425.0,34.207715939670365
1850.0,-425.0,35.8353470302735
1875.0,-425.0,37.509301648336645
1900.0,-425.0,39.229442101390106
900.0,-400.0,65.29027338550968
925.0,-400.0,63.08083169602555
950.0,-400.0,60.90915006082923
975.0,-400.0,58.77575596908653
1000.0,-400.0,56.681201055945515
1025.0,-400.0,54.62606320699304
1050.0,-400.0,52.6109488656085
1075.0,-400.0,50.636495594398504
1100.0,-400.0,48.70337477960753
1125.0,-400.0,46.812294704454295
1150.0,-400.0,44.964003502804715
1175.0,-400.0,43.15929281228757
1200.0,-400.0,41.399001079905496
1225.0,-400.0,39.68401737573158
1250.0,-400.0,38.015284924437594
1275.0,-400.0,36.39380464137996
1300.0,-400.0,34.820638415105016
1325.0,-400.0,33.29691170462611
1350.0,-400.0,31.823815233378955
1375.0,-400.0,30.402605311208404
1400.0,-400.0,29.034602075768174
1425.0,-400.0,27.721184965129623
1450.0,-400.0,26.463784363685722
1475.0,-400.0,25.26386835366031
1500.0,-400.0,24.122923123042995
1525.0,-400.0,23.04242575500659
1550.0,-400.0,22.02380781472132
1575.0,-400.0,21.06840863314198
1600.0,-400.0,22.10925075730138
1625.0,-400.0,23.38649571445842
1650.0,-400.0,24.714065252296603
1675.0,-400.0,26.091799309461862
1700.0,-400.0,27.519538627003502
1725.0,-400.0,28.99712452346025
1750.0,-400.0,30.52439906327748
1775.0,-400.0,32.10120491871698
1800.0,-400.0,33.72738544025722
1825.0,-400.0,35.40278472240787
1850.0,-400.0,37.12724731616895
1875.0,-400.0,38.900618715836444
1900.0,-400.0,40.72274475399165
900.0,-375.0,68.11986134410174
925.0,-375.0,65.78722062295058
950.0,-375.0,63.493566009949895
975.0,-375.0,61.239457435558144
1000.0,-375.0,59.0254807857936
1025.0,-375.0,56.85225028056402
1050.0,-375.0,54.7204111768068
1075.0,-375.0,52.630642693900654
1100.0,-375.0,50.58366126467026
1125.0,-375.0,48.580224093188015
1150.0,-375.0,46.62113312894074
1175.0,-375.0,44.70723921769613
1200.0,-375.0,42.839446729692156
1225.0,-375.0,41.01871842400741
1250.0,-375.0,39.246080551724916
1275.0,-375.0,37.52262813960482
1300.0,-375.0,35.84953014367149
1325.0,-375.0,34.22803444982179
1350.0,-375.0,32.659472228915746
1375.0,-375.0,31.14526115110362
1400.0,-375.0,29.686906837447836
1425.0,-375.0,28.28600165374108
1450.0,-375.0,26.94421966489356
1475.0,-375.0,25.66330625997315
1500.0,-375.0,24.445060724677138
1525.0,-375.0,23.291309651521697
1550.0,-375.0,22.20386897031539
1575.0,-375.0,21.36016472750494
1600.0,-375.0,22.665945707475828
1625.0,-375.0,24.02530372492954
1650.0,-375.0,25.438057236235405
1675.0,-375.0,26.904025497101923
1700.0,-375.0,28.42302863144021
1725.0,-375.0,29.994887529021256
1750.0,-375.0,31.619423850241176
1775.0,-375.0,33.29646017438416
1800.0,-375.0,35.025819756595745
1825.0,-375.0,36.80732668819742
1850.0,-375.0,38.64080585970138
1875.0,-375.0,40.52608291962019
1900.0,-375.0,42.46298432729511
1925.0,-375.0,44.451337352044845
875.0,-350.0,73.86104915341983
900.0,-350.0,71.3517957414975
925.0,-350.0,68.8822352024329
950.0,-350.0,66.45293708518872
975.0,-350.0,64.06449613824275
1000.0,-350.0,61.71753471978568
1025.0,-350.0,59.41270566726137
1050.0,-350.0,57.15069515346443
1075.0,-350.0,54.93222610694808
1100.0,-350.0,52.75806203293495
1125.0,-350.0,50.629011013617955
1150.0,-350.0,48.545930592286254
1175.0,-350.0,46.50973278787027
1200.0,-350.0,44.52138983933303
1225.0,-350.0,42.58194038825103
1250.0,-350.0,40.69249628019237
1275.0,-350.0,38.85424972060325
1300.0,-350.0,37.06848087998507
1325.0,-350.0,35.33656556652508
1350.0,-350.0,33.6599829118367
1375.0,-350.0,32.040322386610676
1400.0,-350.0,30.479289436565516
1425.0,-350.0,28.978709135056484
1450.0,-350.0,27.540526001236557
1475.0,-350.0,26.16679873378097
1500.0,-350.0,24.859687214834423
1525.0,-350.0,23.621429173579397
1550.0,-350.0,22.454303084582776
1575.0,-350.0,21.964767730830474
1600.0,-350.0,23.360377049018943
1625.0,-350.0,24.813057391209348
1650.0,-350.0,26.322602063854525
1675.0,-350.0,27.888805304861314
1700.0,-350.0,29.511462260225127
1725.0,-350.0,31.19036922899429
1750.0,-350.0,32.925323296319895
1775.0,-350.0,34.71612273404285
1800.0,-350.0,36.562566626315395
1825.0,-350.0,38.464455056115966
1850.0,-350.0,40.42158910217214
1875.0,-350.0,42.433770727188765
1900.0,-350.0,44.50080291623727
1925.0,-350.0,46.62248959277293
875.0,-325.0,77.7283576723109
900.0,-325.0,75.06480888109797
925.0,-325.0,72.44223963059945
950.0,-325.0,69.86125566433088
975.0,-325.0,67.32248946129702
1000.0,-325.0,64.82660288316085
1025.0,-325.0,62.37429005157182
1050.0,-325.0,59.966280766431275
1075.0,-325.0,57.603344214876216
1100.0,-325.0,55.28629331630247
1125.0,-325.0,53.015989317321996
1150.0,-325.0,50.79334753819499
1175.0,-325.0,48.619343088601376
1200.0,-325.0,46.49501801915239
1225.0,-325.0,44.42148878073649
1250.0,-325.0,42.3999548863428
1275.0,-325.0,40.431708130999475
1300.0,-325.0,38.518142871667266
1325.0,-325.0,36.660767079020914
1350.0,-325.0,34.86121373908185
1375.0,-325.0,33.12125256841174
1400.0,-325.0,31.44280134100989
1425.0,-325.0,29.82793561475399
1450.0,-325.0,28.278895946331872
1475.0,-325.0,26.798090186895664
1500.0,-325.0,25.388088340927272
1525.0,-325.0,24.051606247454117
1550.0,-325.0,22.791473578226334
1575.0,-325.0,22.724713932032174
1600.0,-325.0,24.223337782907826
1625.0,-325.0,25.783012584705762
1650.0,-325.0,27.40350067020908
1675.0,-325.0,29.084565659714677
1700.0,-325.0,30.825972428014005
1725.0,-325.0,32.627486934462176
1750.0,-325.0,34.48887651331637
1775.0,-325.0,36.40990957336781
1800.0,-325.0,38.39035574883699
1825.0,-325.0,40.42998595891349
1850.0,-325.0,42.52857210658124
1875.0,-325.0,44.68588742505566
1900.0,-325.0,46.90170630285297
1925.0,-325.0,49.17580414702821
875.0,-300.0,82.19634775415244
900.0,-300.0,79.35943531147248
925.0,-300.0,76.56482338058397
950.0,-300.0,73.81315775895945
975.0,-300.0,71.10511240739083
1000.0,-300.0,68.44139217831052
1025.0,-300.0,65.82273617600362
1050.0,-300.0,63.249921167514024
1075.0,-300.0,60.72376588293785
1100.0,-300.0,58.24513568515279
1125.0,-300.0,55.81494790813979
1150.0,-300.0,53.4341781036904
1175.0,-300.0,51.103866948998366
1200.0,-300.0,48.8251283222991
1225.0,-300.0,46.59915843231036
1250.0,-300.0,44.4272460704039
1275.0,-300.0,42.310784389280784
1300.0,-300.0,40.25128393507065
1325.0,-300.0,38.25038737803387
1350.0,-300.0,36.309885391024025
1375.0,-300.0,34.43173399207881
1400.0,-300.0,32.61807252016756
1425.0,-300.0,30.871241772031457
1450.0,-300.0,29.193800631685303
1475.0,-300.0,27.588539620860164
1500.0,-300.0,26.058487853509178
1525.0,-300.0,24.60690926372661
1550.0,-300.0,23.23728207084815
1575.0,-300.0,23.67758186213103
1600.0,-300.0,25.29553908019303
1625.0,-300.0,26.979121324735658
1650.0,-300.0,28.728052612006124
1675.0,-300.0,30.54205856549368
1700.0,-300.0,32.420866335696154
1725.0,-300.0,34.36420456392147
1750.0,-300.0,36.37180348044742
1775.0,-300.0,38.44339477298073
1800.0,-300.0,40.578711544043244
1825.0,-300.0,42.7774884632409
1850.0,-300.0,45.03946170414126
1875.0,-300.0,47.364368806344416
1900.0,-300.0,49.75194878653336
1925.0,-300.0,52.20194216416549
1950.0,-300.0,54.71409088345037
850.0,-275.0,90.47515397868986
875.0,-275.0,87.39914649873796
900.0,-275.0,84.3661136889726
925.0,-275.0,81.37671923684944
950.0,-275.0,78.43165366878434
975.0,-275.0,75.5316371592443
1000.0,-275.0,72.67742227746886
1025.0,-275.0,69.8697975181891
1050.0,-275.0,67.10959121495799
1075.0,-275.0,64.39767581218898
1100.0,-275.0,61.73497319392621
1125.0,-275.0,59.122460517331696
1150.0,-275.0,56.56117702418794
1175.0,-275.0,54.05223199097427
1200.0,-275.0,51.596813751225945
1225.0,-275.0,49.19620030984479
1250.0,-275.0,46.851771496064714
1275.0,-275.0,44.56502305212173
1300.0,-275.0,42.337582745713114
1325.0,-275.0,40.17122891800245
1350.0,-275.0,38.067911450569746
1375.0,-275.0,36.0297754455166
1400.0,-275.0,34.05918715797746
1425.0,-275.0,32.158762257456104
1450.0,-275.0,30.331394980832208
1475.0,-275.0,28.580286530161942
1500.0,-275.0,26.908969820664495
1525.0,-275.0,25.32132557728288
1550.0,-275.0,23.821582479434564
1575.0,-275.0,24.874133934673907
1600.0,-275.0,26.631952973923298
1625.0,-275.0,28.460708373859013
1650.0,-275.0,30.360075801184134
1675.0,-275.0,32.32973290435952
1700.0,-275.0,34.36935928306969
1725.0,-275.0,36.478636606714595
1750.0,-275.0,38.65724823490728
1775.0,-275.0,40.904879686248314
1800.0,-275.0,43.22121821603033
1825.0,-275.0,45.60595305432223
1850.0,-275.0,48.058775264585286
1875.0,-275.0,50.579377714334804
1900.0,-275.0,53.16745529182457
1925.0,-275.0,55.82270445247069
1950.0,-275.0,58.54482374629863
850.0,-250.0,96.81464772793655
875.0,-250.0,93.51379690460357
900.0,-250.0,90.25719464342907
925.0,-250.0,87.04555409386681
950.0,-250.0,83.87961643522802
975.0,-250.0,80.76015389570891
1000.0,-250.0,77.68797275496574
1025.0,-250.0,74.66391680310754
1050.0,-250.0,71.68887161044204
1075.0,-250.0,68.76376907069366
1100.0,-250.0,65.88959298009428
1125.0,-250.0,63.06738543120562
1150.0,-250.0,60.29825406936174
1175.0,-250.0,57.58338093052542
1200.0,-250.0,54.92403247021102
1225.0,-250.0,52.32157144976996
1250.0,-250.0,49.77747083163875
1275.0,-250.0,47.29333020346049
1300.0,-250.0,44.87089494795756
1325.0,-250.0,42.51207876694899
1350.0,-250.0,40.218989874440254
1375.0,-250.0,37.993961641308246
1400.0,-250.0,35.83958765651808
1425.0,-250.0,33.758761711569406
1450.0,-250.0,31.75472212929695
1475.0,-250.0,29.831099617960692
1500.0,-250.0,27.991966017972995
1525.0,-250.0,26.241879492703653
1550.0,-250.0,24.585918378840333
1575.0,-250.0,26.38465368354322
1600.0,-250.0,28.308656218196667
1625.0,-250.0,30.309836233706296
1650.0,-250.0,32.38780712713336
1675.0,-250.0,34.542184886629045
1700.0,-250.0,36.772588072316225
1725.0,-250.0,39.078637685561155
1750.0,-250.0,41.459957322111094
1775.0,-250.0,43.916173148529836
1800.0,-250.0,46.44691362462505
1825.0,-250.0,49.051809750720714
1850.0,-250.0,51.73049503804803
1875.0,-250.0,54.48260532490056
1900.0,-250.0,57.30777886361308
1925.0,-250.0,60.20565618282662
1950.0,-250.0,63.17588029455329
850.0,-225.0,104.33803113510564
875.0,-225.0,100.77891388247738
900.0,-225.0,97.26524301443693
925.0,-225.0,93.79778796816855
950.0,-225.0,90.37734794946864
975.0,-225.0,87.0047545832493
1000.0,-225.0,83.68087528617662
1025.0,-225.0,80.40661664630562
1050.0,-225.0,77.18292891691598
1075.0,-225.0,74.01081083942869
1100.0,-225.0,70.89131532062356
1125.0,-225.0,67.82555628152981
1150.0,-225.0,64.81471639866953
1175.0,-225.0,61.86005645987268
1200.0,-225.0,58.96292629765269
1225.0,-225.0,56.12477785615928
1250.0,-225.0,53.34718054934287
1275.0,-225.0,50.631839908394404
1300.0,-225.0,47.98061936622973
1325.0,-225.0,45.39556685258348
1350.0,-225.0,42.878946171384705
1375.0,-225.0,40.43327476222696
1400.0,-225.0,38.06136839444009
1425.0,-225.0,35.766394268370775
1450.0,-225.0,33.55193300193252
1475.0,-225.0,31.422049810306635
1500.0,-225.0,29.381374285147974
1525.0,-225.0,27.435185416855674
1550.0,-225.0,26.269708086997667
1575.0,-225.0,28.30932792731223
1600.0,-225.0,30.43403365803249
1625.0,-225.0,32.64335303929408
1650.0,-225.0,34.936817405196166
1675.0,-225.0,37.31396158989996
1700.0,-225.0,39.77432373009725
1725.0,-225.0,42.317445486927106
1750.0,-225.0,44.94287171883148
1775.0,-225.0,47.650150772082
1800.0,-225.0,50.438834136666046
1825.0,-225.0,53.30847686381283
1850.0,-225.0,56.258636851992385
1875.0,-225.0,59.28887546701528
1900.0,-225.0,62.398757191452816
1925.0,-225.0,65.58784959361496
1950.0,-225.0,68.85572356401983
825.0,-200.0,117.28691676372755
850.0,-200.0,113.38262636360086
875.0,-200.0,109.52400334563737
900.0,-200.0,105.71185286012589
925.0,-200.0,101.94700905383944
950.0,-200.0,98.23033751214659
975.0,-200.0,94.56273819789283
1000.0,-200.0,90.94514855126968
1025.0,-200.0,87.37854732161922
1050.0,-200.0,83.86395875398306
1075.0,-200.0,80.40245786963484
1100.0,-200.0,76.99517603501162
1125.0,-200.0,73.64330829705528
1150.0,-200.0,70.34812119514152
1175.0,-200.0,67.11096272644664
1200.0,-200.0,63.933273916166435
1225.0,-200.0,60.816602558393
1250.0,-200.0,57.762620040837554
1275.0,-200.0,54.77314152234726
1300.0,-200.0,51.85015034599652
1325.0,-200.0,48.99582782374677
1350.0,-200.0,46.21258968072319
1375.0,-200.0,43.50313034412954
1400.0,-200.0,40.87047749054244
1425.0,-200.0,38.318058526102014
1450.0,-200.0,35.84978161971941
1475.0,-200.0,33.470133595719275
1500.0,-200.0,31.184296719559715
1525.0,-200.0,28.998284597348942
1550.0,-200.0,28.518325642160374
1575.0,-200.0,30.79604320539131
1600.0,-200.0,33.16796585768883
1625.0,-200.0,35.63350882870945
1650.0,-200.0,38.192092161959465
1675.0,-200.0,40.84314080112716
1700.0,-200.0,43.58608425992045
1725.0,-200.0,46.42035693747997
1750.0,-200.0,49.345397690692074
1775.0,-200.0,52.360649994739774
1800.0,-200.0,55.46556194795779
1825.0,-200.0,58.65958605165408
1850.0,-200.0,61.94217926561668
1875.0,-200.0,65.31280302633199
1900.0,-200.0,68.77092317004482
1925.0,-200.0,72.31600958637931
1950.0,-200.0,75.94753671194333
1975.0,-200.0,79.6649830410182
825.0,-175.0,128.68298735946397
850.0,-175.0,124.42700151910357
875.0,-175.0,120.21730269141152
900.0,-175.0,116.05476731261915
925.0,-175.0,111.94030292517583
950.0,-175.0,107.87485097694008
975.0,-175.0,103.85938935679124
1000.0,-175.0,99.89493588333899
1025.0,-175.0,95.98255190687756
1050.0,-175.0,92.12334685942419
1075.0,-175.0,88.31848320442627
1100.0,-175.0,84.56918244906628
1125.0,-175.0,80.87673223838
1150.0,-175.0,77.24249457391021
1175.0,-175.0,73.66791593634288
1200.0,-175.0,70.15453912982966
1225.0,-175.0,66.70401779315456
1250.0,-175.0,63.31813373858655
1275.0,-175.0,59.998818533043746
1300.0,-175.0,56.748179565462614
1325.0,-175.0,53.56853265688773
1350.0,-175.0,50.462442204230896
1375.0,-175.0,47.43277154032263
1400.0,-175.0,44.48274586212736
1425.0,-175.0,41.61603156831593
1450.0,-175.0,38.83683608123455
1475.0,-175.0,36.15003359865241
1500.0,-175.0,33.56132268555188
1525.0,-175.0,31.077422161181612
1550.0,-175.0,31.4941706192101
1575.0,-175.0,34.07260888745275
1600.0,-175.0,36.756535053482274
1625.0,-175.0,39.545206387901615
1650.0,-175.0,42.43788695835848
1675.0,-175.0,45.43384780030633
1700.0,-175.0,48.532366704462994
1725.0,-175.0,51.73272821006218
1750.0,-175.0,55.03422347575332
1775.0,-175.0,58.436150211045515
1800.0,-175.0,61.93781271471515
1825.0,-175.0,65.53852154154106
1850.0,-175.0,69.23759375944189
1875.0,-175.0,73.03435246937335
1900.0,-175.0,76.9281271589956
1925.0,-175.0,80.91825328239563
1950.0,-175.0,85.0040727283512
1975.0,-175.0,89.18493279089556
825.0,-150.0,142.8460022698731
850.0,-150.0,138.17356131065162
875.0,-150.0,133.54740067948933
900.0,-150.0,128.96847465494707
925.0,-150.0,124.43777154884094
950.0,-150.0,119.95631655373225
975.0,-150.0,115.52517451091605
1000.0,-150.0,111.14545322219334
1025.0,-150.0,106.81830704370364
1050.0,-150.0,102.54494151438732
1075.0,-150.0,98.32661843878225
1100.0,-150.0,94.16466165839147
1125.0,-150.0,90.06046433181828
1150.0,-150.0,86.0154970636633
1175.0,-150.0,82.03131809243501
1200.0,-150.0,78.10958525451072
1225.0,-150.0,74.25207056552175
1250.0,-150.0,70.46067793615651
1275.0,-150.0,66.73746533112605
1300.0,-150.0,63.084671800373705
1325.0,-150.0,59.504751503413836
1350.0,-150.0,56.00041660867532
1375.0,-150.0,52.57469168342924
1400.0,-150.0,49.230983145304215
1425.0,-150.0,45.97316899327503
1450.0,-150.0,42.80571489087715
1475.0,-150.0,39.73382566167817
1500.0,-150.0,36.76364328079964
1525.0,-150.0,33.902506045024666
1550.0,-150.0,35.53898457587507
1575.0,-150.0,38.50918241771695
1600.0,-150.0,41.59917146096843
1625.0,-150.0,44.807977107091794
1650.0,-150.0,48.134635298634954
1675.0,-150.0,51.57819237753351
1700.0,-150.0,55.13770496860682
1725.0,-150.0,58.81223974821694
1750.0,-150.0,62.60087354517712
1775.0,-150.0,66.5026927884172
1800.0,-150.0,70.51679389849315
1825.0,-150.0,74.64228272824941
1850.0,-150.0,78.87827460100117
1875.0,-150.0,83.2238943583713
1900.0,-150.0,87.6782756596144
1925.0,-150.0,92.24056187871138
1950.0,-150.0,96.90990470114377
1975.0,-150.0,101.68546512243454
825.0,-125.0,160.8685217454255
850.0,-125.0,155.69677340941888
875.0,-125.0,150.5701743439202
900.0,-125.0,145.48975625063989
925.0,-125.0,140.45658863920693
950.0,-125.0,135.47178211744648
975.0,-125.0,130.53649076661623
1000.0,-125.0,125.65191581130036
1025.0,-125.0,120.81930938419335
1050.0,-125.0,116.03997896338821
1075.0,-125.0,111.31529239856665
1100.0,-125.0,106.64668394203125
1125.0,-125.0,102.03566124022232
1150.0,-125.0,97.48381342694593
1175.0,-125.0,92.99282128908386
1200.0,-125.0,88.5644688117281
1225.0,-125.0,84.20065786188006
1250.0,-125.0,79.90342564183808
1275.0,-125.0,75.67496657848194
1300.0,-125.0,71.51765947037747
1325.0,-125.0,67.43410184525281
1350.0,-125.0,63.42715358162073
1375.0,-125.0,59.49999297348612
1400.0,-125.0,55.65618973438833
1425.0,-125.0,51.899800856428485
1450.0,-125.0,48.235497815539766
1475.0,-125.0,44.66873734306275
1500.0,-125.0,41.20599281354913
1525.0,-125.0,37.886592671907735
1550.0,-125.0,41.24840277023906
1575.0,-125.0,44.75003768979065
1600.0,-125.0,48.39014622626021
1625.0,-125.0,52.167394620981014
1650.0,-125.0,56.08046598172156
1675.0,-125.0,60.128060581226244
1700.0,-125.0,64.3088948063808
1725.0,-125.0,68.6217015761564
1750.0,-125.0,73.06522971634544
1775.0,-125.0,77.63824407184292
1800.0,-125.0,82.33952458403812
1825.0,-125.0,87.16786667499473
1850.0,-125.0,92.122080964765
1875.0,-125.0,97.20099268081319
1900.0,-125.0,102.40344170883587
1925.0,-125.0,107.72828209808705
1950.0,-125.0,113.17438222624155
1975.0,-125.0,118.74062424187856
825.0,-100.0,184.5049334163137
850.0,-100.0,178.72717301707576
875.0,-100.0,172.99140895110943
900.0,-100.0,167.2987281810083
925.0,-100.0,161.650260832147
950.0,-100.0,156.04718248362764
975.0,-100.0,150.49071749683463
1000.0,-100.0,144.9821427497585
1025.0,-100.0,139.5227909564977
1050.0,-100.0,134.11405598273146
1075.0,-100.0,128.7573975969547
1100.0,-100.0,123.45434744729242
1125.0,-100.0,118.20651609634152
1150.0,-100.0,113.01560132069437
1175.0,-100.0,107.8833974788921
1200.0,-100.0,102.81180737122236
1225.0,-100.0,97.80285609374164
1250.0,-100.0,92.85870814874208
1275.0,-100.0,87.98168840186172
1300.0,-100.0,83.17430855329222
1325.0,-100.0,78.43930021517835
1350.0,-100.0,73.77965753566477
1375.0,-100.0,69.19869222041935
1400.0,-100.0,64.70010591786985
1425.0,-100.0,60.2880868014515
1450.0,-100.0,55.967439884034484
1475.0,-100.0,51.74376620280291
1500.0,-100.0,47.623712617457464
1525.0,-100.0,45.66384280459855
1550.0,-100.0,49.76152181883302
1575.0,-100.0,54.024956927584306
1600.0,-100.0,58.452183773076264
1625.0,-100.0,63.04126921686955
1650.0,-100.0,67.79031008162295
1675.0,-100.0,72.69743313497925
1700.0,-100.0,77.76079414465055
1725.0,-100.0,82.9785775675108
1750.0,-100.0,88.34899585234055
1775.0,-100.0,93.8702888707834
1800.0,-100.0,99.54072351303006
1825.0,-100.0,105.35859300709616
1850.0,-100.0,111.32221672635076
1875.0,-100.0,117.42993930672833
1900.0,-100.0,123.68013041337649
1925.0,-100.0,130.07118429402476
1950.0,-100.0,136.6015191013996
1975.0,-100.0,143.26957654297678
825.0,-75.0,216.76209963813398
850.0,-75.0,210.2423981276809
875.0,-75.0,203.7578636346437
900.0,-75.0,197.30955819308426
925.0,-75.0,190.8985904849693
950.0,-75.0,184.52611913148056
975.0,-75.0,178.1933554112551
1000.0,-75.0,171.9015678096966
1025.0,-75.0,165.65208605336744
1050.0,-75.0,159.4463053896726
1075.0,-75.0,153.28569262956952
1100.0,-75.0,147.1717918511454
1125.0,-75.0,141.1062314534705
1150.0,-75.0,135.09073249014926
1175.0,-75.0,129.12711812854215
1200.0,-75.0,123.21732491833997
1225.0,-75.0,117.3634161538677
1250.0,-75.0,111.56759838714855
1275.0,-75.0,105.83224110951032
1300.0,-75.0,100.15990152125723
1325.0,-75.0,94.55335555464806
1350.0,-75.0,89.01563749292508
1375.0,-75.0,83.55009129328916
1400.0,-75.0,78.160438099037
1425.0,-75.0,72.85086705456122
1450.0,-75.0,67.62615924767903
1475.0,-75.0,62.49186052725575
1500.0,-75.0,57.45452756986295
1525.0,-75.0,58.32059560848791
1550.0,-75.0,63.56388381505239
1575.0,-75.0,69.0099011845033
1600.0,-75.0,74.65554263477232
1625.0,-75.0,80.49776612849648
1650.0,-75.0,86.53359136413121
1675.0,-75.0,92.76009781003249
1700.0,-75.0,99.17442324268116
1725.0,-75.0,105.7737626367785
1750.0,-75.0,112.55536641734469
1775.0,-75.0,119.5165394522326
1800.0,-75.0,126.65463926790356
1825.0,-75.0,133.96707490710327
1850.0,-75.0,141.45130620942473
1875.0,-75.0,149.10484146472533
1900.0,-75.0,156.92523743890686
1925.0,-75.0,164.91009758886145
1950.0,-75.0,173.05707072927598
1975.0,-75.0,181.36385079034957
825.0,-50.0,263.26000385393485
850.0,-50.0,255.8376026666085
875.0,-50.0,248.43683923654766
900.0,-50.0,241.05850935462774
925.0,-50.0,233.7034498530656
950.0,-50.0,226.37254325833894
975.0,-50.0,219.0667183094824
1000.0,-50.0,211.78695632943905
1025.0,-50.0,204.53429433014313
1050.0,-50.0,197.3098289514392
1075.0,-50.0,190.11472313587743
1100.0,-50.0,182.95021035846946
1125.0,-50.0,175.81760286412592
1150.0,-50.0,168.7182984148105
1175.0,-50.0,161.65378945767068
1200.0,-50.0,154.62567396567982
1225.0,-50.0,147.6356670495311
1250.0,-50.0,140.6856165043457
1275.0,-50.0,133.77752011930437
1300.0,-50.0,126.91354770507164
1325.0,-50.0,120.09606844609864
1350.0,-50.0,113.32768525748104
1375.0,-50.0,106.61127916185514
1400.0,-50.0,99.95006738285697
1425.0,-50.0,93.34768121668182
1450.0,-50.0,86.80827268408898
1475.0,-50.0,80.33666374525302
1500.0,-50.0,75.03691094489645
1525.0,-50.0,82.04242444045538
1550.0,-50.0,89.31138327140219
1575.0,-50.0,96.83804308478086
1600.0,-50.0,104.61682495927109
1625.0,-50.0,112.64231005931002
1650.0,-50.0,120.90923386023297
1675.0,-50.0,129.4124801959032
1700.0,-50.0,138.1470766621267
1725.0,-50.0,147.10818942599786
1750.0,-50.0,156.29111842450283
1775.0,-50.0,165.69129255567793
1800.0,-50.0,175.30426529726168
1825.0,-50.0,185.12571128276187
1850.0,-50.0,195.15142088093455
1875.0,-50.0,205.37729761310572
1900.0,-50.0,215.79935358327282
1925.0,-50.0,226.41370568549604
1950.0,-50.0,237.2165732527952
1975.0,-50.0,248.20427403706407
825.0,-25.0,335.8585898168312
850.0,-25.0,327.41202624703794
875.0,-25.0,318.9623085884001
900.0,-25.0,310.5093087631435
925.0,-25.0,302.05289019261465
950.0,-25.0,293.5929112371682
975.0,-25.0,285.1292241326324
1000.0,-25.0,276.66167334670314
1025.0,-25.0,268.1900959476338
1050.0,-25.0,259.71432262926726
1075.0,-25.0,251.23417754482128
1100.0,-25.0,242.74947744338112
1125.0,-25.0,234.26003256049032
1150.0,-25.0,225.7656485349423
1175.0,-25.0,217.2661255776204
1200.0,-25.0,208.76126169569383
1225.0,-25.0,200.25085422287987
1250.0,-25.0,191.73470361853586
1275.0,-25.0,183.2126179844135
1300.0,-25.0,174.6844199644094
1325.0,-25.0,166.14995608306725
1350.0,-25.0,157.60911005389673
1375.0,-25.0,149.06182170786468
1400.0,-25.0,140.50811373200733
1425.0,-25.0,131.9481308276863
1450.0,-25.0,123.38219620443085
1475.0,-25.0,118.6082866263977
1500.0,-25.0,129.68661052626152
1525.0,-25.0,141.12048084195916
1550.0,-25.0,152.89644572977988
1575.0,-25.0,165.00172236016937
1600.0,-25.0,177.42415801940385
1625.0,-25.0,190.1521903616386
1650.0,-25.0,203.1748116303963
1675.0,-25.0,216.4815368616646
1700.0,-25.0,230.06237358346118
1725.0,-25.0,243.90779158343827
1750.0,-25.0,258.00869780388706
1775.0,-25.0,272.35641135038315
1800.0,-25.0,286.9426391633737
1825.0,-25.0,301.75945576495
1850.0,-25.0,316.7992850315004
1875.0,-25.0,332.05487769311543
1900.0,-25.0,347.5192930056837
1925.0,-25.0,363.185889178025
1950.0,-25.0,379.0483008331819
1975.0,-25.0,395.1004272705249
825.0,0.0,400.12187171665937
850.0,0.0,400.121871716355
875.0,0.0,400.12187171660617
900.0,0.0,400.12187171665937
925.0,0.0,400.12187171627806
950.0,0.0,400.12187171665937
975.0,0.0,400.1218717165471
1000.0,0.0,400.12187171665937
1025.0,0.0,387.61806322551377
1050.0,0.0,375.11425473436833
1075.0,0.0,362.61044624322255
1100.0,0.0,350.10663775207695
1125.0,0.0,337.6028292609314
1150.0,0.0,325.09902076978574
1175.0,0.0,312.5952122786402
1200.0,0.0,300.0914037874945
1225.0,0.0,287.587595296349
1250.0,0.0,275.0886196967513
1275.0,0.0,262.5928382242435
1300.0,0.0,250.09747836926252
1325.0,0.0,237.60260664955644
1350.0,0.0,225.10830434851516
1375.0,0.0,212.6146718518358
1400.0,0.0,200.12183460748037
1425.0,0.0,212.5
1450.0,0.0,225.0
1475.0,0.0,237.5
1500.0,0.0,250.0
1525.0,0.0,262.5
1550.0,0.0,275.0
1575.0,0.0,287.5
1600.0,0.0,300.0
1625.0,0.0,312.5
1650.0,0.0,325.0
1675.0,0.0,337.5
1700.0,0.0,350.0
1725.0,0.0,362.5
1750.0,0.0,375.0
1775.0,0.0,387.5
1800.0,0.0,400.0
1825.0,0.0,400.0002388882313
1850.0,0.0,400.0009534361688
1875.0,0.0,400.0021443321761
1900.0,0.0,400.0038115719984
1925.0,0.0,400.0059551496802
1950.0,0.0,400.0085750575628
1975.0,0.0,400.0116712862877
2000.0,0.0,400.01524382479374
825.0,25.0,335.8585898168312
850.0,25.0,327.41202624703794
875.0,25.0,318.9623085884001
900.0,25.0,310.5093087634157
925.0,25.0,302.05289019295554
950.0,25.0,293.5929112371682
975.0,25.0,285.1292241326324
1000.0,25.0,276.6616733470022
1025.0,25.0,268.19009594798985
1050.0,25.0,259.7143226292675
1075.0,25.0,251.23417754482128
1100.0,25.0,242.74947744383974
1125.0,25.0,234.26003256049032
1150.0,25.0,225.76564853549317
1175.0,25.0,217.2661255776204
1200.0,25.0,208.76126169602608
1225.0,25.0,200.2508542235392
1250.0,25.0,191.73470361853586
1275.0,25.0,183.21261798482462
1300.0,25.0,174.68441996464566
1325.0,25.0,166.14995608309943
1350.0,25.0,157.60911005452988
1375.0,25.0,149.06182170786468
1400.0,25.0,140.50811373200733
1425.0,25.0,131.9481308283343
1450.0,25.0,123.38219620443085
1475.0,25.0,118.6082866263977
1500.0,25.0,129.68661033519146
1525.0,25.0,141.12048084195916
1550.0,25.0,152.8964454659668
1575.0,25.0,165.00172236016937
1600.0,25.0,177.42415801940385
1625.0,25.0,190.15218996865957
1650.0,25.0,203.17481115941814
1675.0,25.0,216.4815368616646
1700.0,25.0,230.06237358346118
1725.0,25.0,243.90779158343827
1750.0,25.0,258.00869780388706
1775.0,25.0,272.35641071350136
1800.0,25.0,286.9426383396031
1825.0,25.0,301.75945576495
1850.0,25.0,316.79928503150063
1875.0,25.0,332.05487676397024
1900.0,25.0,347.5192930056837
1925.0,25.0,363.185889178025
1950.0,25.0,379.0483001086939
1975.0,25.0,395.10042494441166
825.0,50.0,263.26000385454427
850.0,50.0,255.83760266707466
875.0,50.0,248.43683923713076
900.0,50.0,241.05850935483406
925.0,50.0,233.7034498530656
950.0,50.0,226.3725432591022
975.0,50.0,219.06671830948264
1000.0,50.0,211.78695632943905
1025.0,50.0,204.53429433014313
1050.0,50.0,197.3098289514392
1075.0,50.0,190.11472313613706
1100.0,50.0,182.95021035937404
1125.0,50.0,175.81760286473389
1150.0,50.0,168.7182984148105
1175.0,50.0,161.65378945767088
1200.0,50.0,154.62567396613616
1225.0,50.0,147.6356670495311
1250.0,50.0,140.6856165043457
1275.0,50.0,133.77752012008438
1300.0,50.0,126.91354770507186
1325.0,50.0,120.09606844635482
1350.0,50.0,113.32768525813742
1375.0,50.0,106.61127916258575
1400.0,50.0,99.95006738285697
1425.0,50.0,93.34768121668182
1450.0,50.0,86.80827268408898
1475.0,50.0,80.33666374525302
1500.0,50.0,75.03691094489645
1525.0,50.0,82.04242441183044
1550.0,50.0,89.31138327140219
1575.0,50.0,96.83804308478086
1600.0,50.0,104.61682495927109
1625.0,50.0,112.64231005931002
1650.0,50.0,120.90923386023297
1675.0,50.0,129.41248016864586
1700.0,50.0,138.1470766621267
1725.0,50.0,147.10818942599786
1750.0,50.0,156.29111842450283
1775.0,50.0,165.69129239954364
1800.0,50.0,175.30426529726168
1825.0,50.0,185.12571128276187
1850.0,50.0,195.15142088093455
1875.0,50.0,205.37729761310572
1900.0,50.0,215.7993534464504
1925.0,50.0,226.41370568549604
1950.0,50.0,237.2165732527952
1975.0,50.0,248.20427403706407
825.0,75.0,216.7620996389937
850.0,75.0,210.24239812830274
875.0,75.0,203.75786363531608
900.0,75.0,197.30955819308426
925.0,75.0,190.8985904849693
950.0,75.0,184.52611913221645
975.0,75.0,178.19335541183142
1000.0,75.0,171.9015678096966
1025.0,75.0,165.65208605336767
1050.0,75.0,159.44630539031465
1075.0,75.0,153.28569263033373
1100.0,75.0,147.1717918511669
1125.0,75.0,141.10623145358838
1150.0,75.0,135.0907324909498
1175.0,75.0,129.12711812854215
1200.0,75.0,123.21732491944826
1225.0,75.0,117.3634161538677
1250.0,75.0,111.56759838714855
1275.0,75.0,105.83224111065363
1300.0,75.0,100.15990152166017
1325.0,75.0,94.55335555530434
1350.0,75.0,89.01563749292508
1375.0,75.0,83.55009129443019
1400.0,75.0,78.160438099037
1425.0,75.0,72.85086705461678
1450.0,75.0,67.62615924767903
1475.0,75.0,62.491860528883976
1500.0,75.0,57.45452756986295
1525.0,75.0,58.32059560848791
1550.0,75.0,63.56388381505239
1575.0,75.0,69.00990117597053
1600.0,75.0,74.6555426187097
1625.0,75.0,80.49776612849648
1650.0,75.0,86.53359136413121
1675.0,75.0,92.76009781003249
1700.0,75.0,99.17442321973256
1725.0,75.0,105.77376257867833
1750.0,75.0,112.55536641734469
1775.0,75.0,119.5165394522326
1800.0,75.0,126.65463924917957
1825.0,75.0,133.96707490710327
1850.0,75.0,141.4513061251416
1875.0,75.0,149.10484146472533
1900.0,75.0,156.92523743890686
1925.0,75.0,164.91009755091608
1950.0,75.0,173.05707072927598
1975.0,75.0,181.36385079034957
825.0,100.0,184.50493341672836
850.0,100.0,178.72717301707576
875.0,100.0,172.99140895110943
900.0,100.0,167.29872818204234
925.0,100.0,161.650260832147
950.0,100.0,156.04718248474592
975.0,100.0,150.49071749683463
1000.0,100.0,144.98214274975828
1025.0,100.0,139.52279095743657
1050.0,100.0,134.11405598434717
1075.0,100.0,128.75739759824128
1100.0,100.0,123.45434744819183
1125.0,100.0,118.20651609805611
1150.0,100.0,113.01560132128357
1175.0,100.0,107.8833974788921
1200.0,100.0,102.81180737122236
1225.0,100.0,97.80285609374141
1250.0,100.0,92.85870814874187
1275.0,100.0,87.9816884025793
1300.0,100.0,83.17430855407109
1325.0,100.0,78.43930021517835
1350.0,100.0,73.7796575375882
1375.0,100.0,69.19869222122814
1400.0,100.0,64.70010591786985
1425.0,100.0,60.2880868014515
1450.0,100.0,55.967439884034484
1475.0,100.0,51.74376620280291
1500.0,100.0,47.623712617457464
1525.0,100.0,45.66384280459855
1550.0,100.0,49.76152181883302
1575.0,100.0,54.02495691133677
1600.0,100.0,58.452183773076264
1625.0,100.0,63.04126921686955
1650.0,100.0,67.79031008162295
1675.0,100.0,72.69743313497902
1700.0,100.0,77.76079414465055
1725.0,100.0,82.9785775675108
1750.0,100.0,88.34899585234032
1775.0,100.0,93.8702888707834
1800.0,100.0,99.54072349161332
1825.0,100.0,105.35859300709616
1850.0,100.0,111.32221672302617
1875.0,100.0,117.42993927496153
1900.0,100.0,123.68013041337626
1925.0,100.0,130.0711842407935
1950.0,100.0,136.60151903965655
1975.0,100.0,143.269576542977
825.0,125.0,160.86852174570598
850.0,125.0,155.69677340941865
875.0,125.0,150.5701743439202
900.0,125.0,145.48975625136202
925.0,125.0,140.45658863920693
950.0,125.0,135.47178211744648
975.0,125.0,130.53649076678116
1000.0,125.0,125.65191581130874
1025.0,125.0,120.81930938455153
1050.0,125.0,116.03997896338798
1075.0,125.0,111.31529239955911
1100.0,125.0,106.64668394203125
1125.0,125.0,102.03566124121869
1150.0,125.0,97.48381342893394
1175.0,125.0,92.99282129017242
1200.0,125.0,88.56446881365322
1225.0,125.0,84.20065786377904
1250.0,125.0,79.90342564183831
1275.0,125.0,75.67496657896345
1300.0,125.0,71.51765947081559
1325.0,125.0,67.43410184525281
1350.0,125.0,63.42715358228432
1375.0,125.0,59.4999929734859
1400.0,125.0,55.65618973438855
1425.0,125.0,51.89980085810923
1450.0,125.0,48.235497815539546
1475.0,125.0,44.66873734353405
1500.0,125.0,41.20599281354913
1525.0,125.0,37.88659267174429
1550.0,125.0,41.248402764472324
1575.0,125.0,44.750037688436045
1600.0,125.0,48.39014622626021
1625.0,125.0,52.16739461525442
1650.0,125.0,56.08046598172156
1675.0,125.0,60.12806057857717
1700.0,125.0,64.3088948063808
1725.0,125.0,68.6217015761564
1750.0,125.0,73.06522971634544
1775.0,125.0,77.63824406554728
1800.0,125.0,82.33952455672839
1825.0,125.0,87.16786667499473
1850.0,125.0,92.122080964765
1875.0,125.0,97.20099268081319
1900.0,125.0,102.4034416984124
1925.0,125.0,107.72828208259678
1950.0,125.0,113.17438222624155
1975.0,125.0,118.74062424187856
825.0,150.0,142.84600226989195
850.0,150.0,138.17356131065162
875.0,150.0,133.54740067948933
900.0,150.0,128.96847465494707
925.0,150.0,124.43777154884094
950.0,150.0,119.95631655451321
975.0,150.0,115.52517451091605
1000.0,150.0,111.14545322219334
1025.0,150.0,106.81830704401892
1050.0,150.0,102.54494151438732
1075.0,150.0,98.32661843878225
1100.0,150.0,94.1646616583917
1125.0,150.0,90.06046433190967
1150.0,150.0,86.0154970636633
1175.0,150.0,82.03131809243501
1200.0,150.0,78.10958525451072
1225.0,150.0,74.25207056552175
1250.0,150.0,70.46067793763687
1275.0,150.0,66.73746533112605
1300.0,150.0,63.08467180071754
1325.0,150.0,59.50475150341383
1350.0,150.0,56.00041660867532
1375.0,150.0,52.57469168342902
1400.0,150.0,49.23098314651281
1425.0,150.0,45.97316899327503
1450.0,150.0,42.80571489087715
1475.0,150.0,39.73382566167817
1500.0,150.0,36.76364328079964
1525.0,150.0,33.90250604502466
1550.0,150.0,35.53898457322789
1575.0,150.0,38.50918240992459
1600.0,150.0,41.59917145324525
1625.0,150.0,44.80797709718737
1650.0,150.0,48.13463529501803
1675.0,150.0,51.57819237753351
1700.0,150.0,55.137704955362594
1725.0,150.0,58.81223974821694
1750.0,150.0,62.60087353830531
1775.0,150.0,66.5026927884172
1800.0,150.0,70.51679389849315
1825.0,150.0,74.64228272824941
1850.0,150.0,78.87827460100117
1875.0,150.0,83.22389435755181
1900.0,150.0,87.6782756596144
1925.0,150.0,92.24056185057515
1950.0,150.0,96.90990470114355
1975.0,150.0,101.68546512243454
825.0,175.0,128.68298735946397
850.0,175.0,124.42700151922051
875.0,175.0,120.21730269141152
900.0,175.0,116.05476731271995
925.0,175.0,111.94030292678381
950.0,175.0,107.87485097694008
975.0,175.0,103.85938935679124
1000.0,175.0,99.89493588413028
1025.0,175.0,95.98255190687756
1050.0,175.0,92.12334685942419
1075.0,175.0,88.31848320584447
1100.0,175.0,84.56918244906628
1125.0,175.0,80.87673223838
1150.0,175.0,77.24249457391021
1175.0,175.0,73.66791593712618
1200.0,175.0,70.15453913252865
1225.0,175.0,66.70401779315456
1250.0,175.0,63.318133740587804
1275.0,175.0,59.998818533043966
1300.0,175.0,56.748179565462614
1325.0,175.0,53.56853265866494
1350.0,175.0,50.46244220731244
1375.0,175.0,47.432771541401515
1400.0,175.0,44.48274586212736
1425.0,175.0,41.61603156831593
1450.0,175.0,38.83683608348326
1475.0,175.0,36.15003359865241
1500.0,175.0,33.561322687951126
1525.0,175.0,31.077422161181616
1550.0,175.0,31.494170614358254
1575.0,175.0,34.07260888433309
1600.0,175.0,36.756535053482274
1625.0,175.0,39.545206387901615
1650.0,175.0,42.43788695835848
1675.0,175.0,45.43384779441626
1700.0,175.0,48.53236669545271
1725.0,175.0,51.73272820474263
1750.0,175.0,55.03422347575332
1775.0,175.0,58.43615021104529
1800.0,175.0,61.93781271471515
1825.0,175.0,65.53852154154106
1850.0,175.0,69.23759375339964
1875.0,175.0,73.03435246135608
1900.0,175.0,76.92812714629552
1925.0,175.0,80.91825328239563
1950.0,175.0,85.0040727283512
1975.0,175.0,89.18493279089556
825.0,200.0,117.28691676466873
850.0,200.0,113.38262636360086
875.0,200.0,109.52400334563714
900.0,200.0,105.71185286109198
925.0,200.0,101.94700905383921
950.0,200.0,98.2303375121468
975.0,200.0,94.56273819881558
1000.0,200.0,90.94514855126968
1025.0,200.0,87.37854732161922
1050.0,200.0,83.86395875598937
1075.0,200.0,80.40245786970897
1100.0,200.0,76.99517603721398
1125.0,200.0,73.64330829705551
1150.0,200.0,70.34812119514152
1175.0,200.0,67.11096272945106
1200.0,200.0,63.933273916166435
1225.0,200.0,60.81660255848521
1250.0,200.0,57.762620040837334
1275.0,200.0,54.773141522347046
1300.0,200.0,51.85015034599652
1325.0,200.0,48.99582782728492
1350.0,200.0,46.21258968208942
1375.0,200.0,43.50313034412954
1400.0,200.0,40.87047749054244
1425.0,200.0,38.318058526102014
1450.0,200.0,35.84978161971941
1475.0,200.0,33.470133597308134
1500.0,200.0,31.184296719559715
1525.0,200.0,28.998284599527427
1550.0,200.0,28.518325642160374
1575.0,200.0,30.79604320539131
1600.0,200.0,33.16796585768883
1625.0,200.0,35.633508825465036
1650.0,200.0,38.192092161959465
1675.0,200.0,40.84314079829689
1700.0,200.0,43.58608425992022
1725.0,200.0,46.42035693747997
1750.0,200.0,49.34539768621435
1775.0,200.0,52.360649994739774
1800.0,200.0,55.465561937660404
1825.0,200.0,58.65958604840763
1850.0,200.0,61.94217926561668
1875.0,200.0,65.31280302633199
1900.0,200.0,68.77092317004482
1925.0,200.0,72.31600958637931
1950.0,200.0,75.94753669826427
1975.0,200.0,79.6649830410182
850.0,225.0,104.3380311353504
875.0,225.0,100.77891388388032
900.0,225.0,97.26524301573309
925.0,225.0,93.79778796816832
950.0,225.0,90.37734795072319
975.0,225.0,87.00475458607889
1000.0,225.0,83.68087528617684
1025.0,225.0,80.40661664630562
1050.0,225.0,77.18292891691598
1075.0,225.0,74.01081083958957
1100.0,225.0,70.89131532062356
1125.0,225.0,67.82555628152981
1150.0,225.0,64.81471639866953
1175.0,225.0,61.8600564602429
1200.0,225.0,58.962926299001865
1225.0,225.0,56.124777856311
1250.0,225.0,53.34718055271004
1275.0,225.0,50.631839908394404
1300.0,225.0,47.98061936784991
1325.0,225.0,45.39556685258348
1350.0,225.0,42.87894617483497
1375.0,225.0,40.43327476283279
1400.0,225.0,38.06136839444009
1425.0,225.0,35.76639427281473
1450.0,225.0,33.551933001932724
1475.0,225.0,31.422049810843134
1500.0,225.0,29.38137428646349
1525.0,225.0,27.43518541685567
1550.0,225.0,26.269708086997667
1575.0,225.0,28.30932792731223
1600.0,225.0,30.43403365803249
1625.0,225.0,32.64335303929408
1650.0,225.0,34.936817405196166
1675.0,225.0,37.31396158989996
1700.0,225.0,39.77432373009725
1725.0,225.0,42.317445485558196
1750.0,225.0,44.942871718831256
1775.0,225.0,47.65015077203608
1800.0,225.0,50.438834136666046
1825.0,225.0,53.30847685984195
1850.0,225.0,56.25863685058608
1875.0,225.0,59.288875464117176
1900.0,225.0,62.39875717986809
1925.0,225.0,65.58784959361496
1950.0,225.0,68.85572356401983
850.0,250.0,96.81464772878603
875.0,250.0,93.51379690460381
900.0,250.0,90.25719464621963
925.0,250.0,87.04555409495082
950.0,250.0,83.87961643522802
975.0,250.0,80.760153896871
1000.0,250.0,77.68797275496597
1025.0,250.0,74.66391680310754
1050.0,250.0,71.68887161140023
1075.0,250.0,68.76376907069366
1100.0,250.0,65.88959298224918
1125.0,250.0,63.067385431205395
1150.0,250.0,60.29825406936196
1175.0,250.0,57.58338093262578
1200.0,250.0,54.92403247266625
1225.0,250.0,52.32157145022729
1250.0,250.0,49.777470831772945
1275.0,250.0,47.29333020346049
1300.0,250.0,44.87089495176357
1325.0,250.0,42.51207876814293
1350.0,250.0,40.2189898757208
1375.0,250.0,37.993961641308246
1400.0,250.0,35.839587659115956
1425.0,250.0,33.75876171392986
1450.0,250.0,31.754722133516083
1475.0,250.0,29.83109962239926
1500.0,250.0,27.991966017973194
1525.0,250.0,26.24187949748577
1550.0,250.0,24.585918378840333
1575.0,250.0,26.38465368173659
1600.0,250.0,28.308656218196667
1625.0,250.0,30.309836233706296
1650.0,250.0,32.38780712713336
1675.0,250.0,34.54218488662882
1700.0,250.0,36.77258806696264
1725.0,250.0,39.07863768232312
1750.0,250.0,41.459957322111094
1775.0,250.0,43.91617314747076
1800.0,250.0,46.44691362462505
1825.0,250.0,49.051809750720714
1850.0,250.0,51.73049503804803
1875.0,250.0,54.48260532490056
1900.0,250.0,57.3077788566607
1925.0,250.0,60.20565617226419
1950.0,250.0,63.17588029455306
850.0,275.0,90.47515397923137
875.0,275.0,87.39914649986477
900.0,275.0,84.3661136889726
925.0,275.0,81.37671923684944
950.0,275.0,78.43165367009617
975.0,275.0,75.5316371599651
1000.0,275.0,72.67742227887948
1025.0,275.0,69.86979752202865
1050.0,275.0,67.10959121692379
1075.0,275.0,64.39767581218919
1100.0,275.0,61.73497319392621
1125.0,275.0,59.122460518520995
1150.0,275.0,56.56117702693494
1175.0,275.0,54.05223199289324
1200.0,275.0,51.596813751225724
1225.0,275.0,49.19620030984457
1250.0,275.0,46.851771496064714
1275.0,275.0,44.56502305212173
1300.0,275.0,42.33758274623399
1325.0,275.0,40.17122891800245
1350.0,275.0,38.0679114554991
1375.0,275.0,36.0297754455166
1400.0,275.0,34.05918715797725
1425.0,275.0,32.15876226170684
1450.0,275.0,30.331394980832005
1475.0,275.0,28.580286530161942
1500.0,275.0,26.9089698255538
1525.0,275.0,25.32132557809561
1550.0,275.0,23.821582481919563
1575.0,275.0,24.874133933234642
1600.0,275.0,26.63195297392307
1625.0,275.0,28.460708373859013
1650.0,275.0,30.360075798479205
1675.0,275.0,32.32973290111819
1700.0,275.0,34.36935928306969
1725.0,275.0,36.478636606172465
1750.0,275.0,38.65724823490728
1775.0,275.0,40.904879686248314
1800.0,275.0,43.22121821603033
1825.0,275.0,45.60595305432223
1850.0,275.0,48.058775264585286
1875.0,275.0,50.579377714334804
1900.0,275.0,53.16745529179692
1925.0,275.0,55.82270445247069
1950.0,275.0,58.54482374629863
875.0,300.0,82.19634775415244
900.0,300.0,79.35943531147225
925.0,300.0,76.56482338058397
950.0,300.0,73.81315775895945
975.0,300.0,71.10511240755892
1000.0,300.0,68.44139218070352
1025.0,300.0,65.82273617600383
1050.0,300.0,63.249921167514024
1075.0,300.0,60.72376588293763
1100.0,300.0,58.24513568515279
1125.0,300.0,55.8149479097943
1150.0,300.0,53.4341781036904
1175.0,300.0,51.103866948998366
1200.0,300.0,48.82512832730859
1225.0,300.0,46.59915843701638
1250.0,300.0,44.42724607481826
1275.0,300.0,42.310784389280784
1300.0,300.0,40.25128393768209
1325.0,300.0,38.25038737803408
1350.0,300.0,36.309885393051566
1375.0,300.0,34.43173399207881
1400.0,300.0,32.618072526519015
1425.0,300.0,30.87124177203166
1450.0,300.0,29.193800631685505
1475.0,300.0,27.58853962086036
1500.0,300.0,26.05848785350898
1525.0,300.0,24.606909271325076
1550.0,300.0,23.23728207084815
1575.0,300.0,23.677581862130918
1600.0,300.0,25.29553908019303
1625.0,300.0,26.979121323989926
1650.0,300.0,28.728052612006124
1675.0,300.0,30.54205856549368
1700.0,300.0,32.420866335696154
1725.0,300.0,34.36420456392147
1750.0,300.0,36.37180348044742
1775.0,300.0,38.44339477298073
1800.0,300.0,40.578711544043244
1825.0,300.0,42.7774884632409
1850.0,300.0,45.039461702006435
1875.0,300.0,47.36436880040005
1900.0,300.0,49.75194878653313
1925.0,300.0,52.20194216416526
1950.0,300.0,54.71409088345037
875.0,325.0,77.7283576723109
900.0,325.0,75.06480888268185
925.0,325.0,72.44223963233755
950.0,325.0,69.86125566634942
975.0,325.0,67.32248946420485
1000.0,325.0,64.82660288506263
1025.0,325.0,62.37429005157182
1050.0,325.0,59.966280766431275
1075.0,325.0,57.6033442185417
1100.0,325.0,55.28629331630247
1125.0,325.0,53.015989322463795
1150.0,325.0,50.79334753819477
1175.0,325.0,48.619343088601376
1200.0,325.0,46.49501801915239
1225.0,325.0,44.42148878559359
1250.0,325.0,42.39995489048402
1275.0,325.0,40.43170813099926
1300.0,325.0,38.51814287576999
1325.0,325.0,36.66076708226352
1350.0,325.0,34.86121373979668
1375.0,325.0,33.121252574545096
1400.0,325.0,31.442801342610338
1425.0,325.0,29.827935614753994
1450.0,325.0,28.27889594709656
1475.0,325.0,26.798090189708667
1500.0,325.0,25.388088340927272
1525.0,325.0,24.051606247454114
1550.0,325.0,22.79147358862971
1575.0,325.0,22.724713931578865
1600.0,325.0,24.223337782907826
1625.0,325.0,25.783012584705762
1650.0,325.0,27.40350067020908
1675.0,325.0,29.084565659714677
1700.0,325.0,30.825972426581163
1725.0,325.0,32.627486934462176
1750.0,325.0,34.48887651173518
1775.0,325.0,36.40990956927346
1800.0,325.0,38.39035574883699
1825.0,325.0,40.42998595741121
1850.0,325.0,42.52857210658101
1875.0,325.0,44.68588742505566
1900.0,325.0,46.90170629792122
1925.0,325.0,49.17580414264625
875.0,350.0,73.86104915711688
900.0,350.0,71.3517957414975
925.0,350.0,68.88223520554618
950.0,350.0,66.45293708900272
975.0,350.0,64.06449613824275
1000.0,350.0,61.71753471978568
1025.0,350.0,59.41270566747
1050.0,350.0,57.15069515346465
1075.0,350.0,54.932226110673156
1100.0,350.0,52.75806203293495
1125.0,350.0,50.629011013617735
1150.0,350.0,48.545930593689924
1175.0,350.0,46.50973278913798
1200.0,350.0,44.52138983933325
1225.0,350.0,42.58194039062224
1250.0,350.0,40.69249628459971
1275.0,350.0,38.85424972686965
1300.0,350.0,37.06848087998507
1325.0,350.0,35.33656556652508
1350.0,350.0,33.65998291632457
1375.0,350.0,32.04032238671583
1400.0,350.0,30.479289441247953
1425.0,350.0,28.978709135056484
1450.0,350.0,27.540526001236557
1475.0,350.0,26.166798733780777
1500.0,350.0,24.859687219254823
1525.0,350.0,23.621429173579216
1550.0,350.0,22.454303084582953
1575.0,350.0,21.964767730830474
1600.0,350.0,23.36037704720537
1625.0,350.0,24.813057391209348
1650.0,350.0,26.322602063854525
1675.0,350.0,27.888805304861314
1700.0,350.0,29.511462260225127
1725.0,350.0,31.19036922899406
1750.0,350.0,32.925323296319895
1775.0,350.0,34.71612273404285
1800.0,350.0,36.562566626315395
1825.0,350.0,38.464455056115966
1850.0,350.0,40.42158910217214
1875.0,350.0,42.433770727188765
1900.0,350.0,44.50080291623727
1925.0,350.0,46.62248958628232
900.0,375.0,68.11986134550234
925.0,375.0,65.78722062295058
950.0,375.0,63.493566010493986
975.0,375.0,61.239457435558144
1000.0,375.0,59.02548078579382
1025.0,375.0,56.85225028056402
1050.0,375.0,54.72041117831927
1075.0,375.0,52.630642693900654
1100.0,375.0,50.58366126467026
1125.0,375.0,48.58022409577853
1150.0,375.0,46.621133130705886
1175.0,375.0,44.70723921769613
1200.0,375.0,42.839446729692156
1225.0,375.0,41.0187184240072
1250.0,375.0,39.24608055619465
1275.0,375.0,37.52262814281162
1300.0,375.0,35.84953014367149
1325.0,375.0,34.228034449821585
1350.0,375.0,32.65947223103995
1375.0,375.0,31.14526115110362
1400.0,375.0,29.686906837687
1425.0,375.0,28.28600165374108
1450.0,375.0,26.94421966489356
1475.0,375.0,25.663306259972956
1500.0,375.0,24.445060724677322
1525.0,375.0,23.291309653179084
1550.0,375.0,22.203868973182608
1575.0,375.0,21.360164727246044
1600.0,375.0,22.665945706484386
1625.0,375.0,24.02530372492954
1650.0,375.0,25.438057234495968
1675.0,375.0,26.904025497101923
1700.0,375.0,28.42302863144021
1725.0,375.0,29.994887529021256
1750.0,375.0,31.619423850241176
1775.0,375.0,33.29646017438416
1800.0,375.0,35.025819755665424
1825.0,375.0,36.80732668454981
1850.0,375.0,38.640805857040164
1875.0,375.0,40.52608291962019
1900.0,375.0,42.46298432729511
1925.0,375.0,44.451337351309235
900.0,400.0,65.29027338550968
925.0,400.0,63.0808316971319
950.0,400.0,60.90915006188903
975.0,400.0,58.77575596908653
1000.0,400.0,56.681201057335784
1025.0,400.0,54.62606320699304
1050.0,400.0,52.6109488656085
1075.0,400.0,50.636495594398724
1100.0,400.0,48.703374785121085
1125.0,400.0,46.812294704454295
1150.0,400.0,44.96400350550034
1175.0,400.0,43.15929281228757
1200.0,400.0,41.39900108445326
1225.0,400.0,39.684017380813785
1250.0,400.0,38.01528492443739
1275.0,400.0,36.39380464137996
1300.0,400.0,34.820638417043604
1325.0,400.0,33.296911704625906
1350.0,400.0,31.823815233378955
1375.0,400.0,30.402605311208607
1400.0,400.0,29.034602075768174
1425.0,400.0,27.721184965129623
1450.0,400.0,26.463784368795253
1475.0,400.0,25.26386835513022
1500.0,400.0,24.122923123042995
1525.0,400.0,23.042425755006413
1550.0,400.0,22.02380781472132
1575.0,400.0,21.06840863314198
1600.0,400.0,22.10925075653369
1625.0,400.0,23.38649571445842
1650.0,400.0,24.714065250571178
1675.0,400.0,26.09179930946164
1700.0,400.0,27.519538625833313
1725.0,400.0,28.99712452346025
1750.0,400.0,30.5243990623148
1775.0,400.0,32.10120491871698
1800.0,400.0,33.72738544025722
1825.0,400.0,35.40278472108686
1850.0,400.0,37.12724731616895
1875.0,400.0,38.90061871371116
1900.0,400.0,40.72274475399165
925.0,425.0,60.70246109255549
950.0,425.0,58.641008031356925
975.0,425.0,56.616636979642806
1000.0,425.0,54.62986720732074
1025.0,425.0,52.68124210267522
1050.0,425.0,50.771331089809806
1075.0,425.0,48.90073186720212
1100.0,425.0,47.070072530398924
1125.0,425.0,45.28001402841246
1150.0,425.0,43.53125273826016
1175.0,425.0,41.82452285944742
1200.0,425.0,40.160599164944756
1225.0,425.0,38.54029946312451
1250.0,425.0,36.96448700703653
1275.0,425.0,35.43407252047209
1300.0,425.0,33.950015760831434
1325.0,425.0,32.5133263196945
1350.0,425.0,31.12506319583643
1375.0,425.0,29.78633296924823
1400.0,425.0,28.498285783183785
1425.0,425.0,27.262108554339097
1450.0,425.0,26.079014745385944
1475.0,425.0,24.95022966823906
1500.0,425.0,23.876970453254145
1525.0,425.0,22.86041973455863
1550.0,425.0,21.90169222146843
1575.0,425.0,21.001793531552018
1600.0,425.0,21.666570325474073
1625.0,425.0,22.87100671554681
1650.0,425.0,24.123029992571748
1675.0,425.0,25.422497501059773
1700.0,425.0,26.76926719604049
1725.0,425.0,28.163197584284568
1750.0,425.0,29.604147747435686
1775.0,425.0,31.091977289993327
1800.0,425.0,32.626546453789224
1825.0,425.0,34.20771593863975
1850.0,425.0,35.8353470302735
1875.0,425.0,37.509301648336645
1900.0,425.0,39.229442101390106
925.0,450.0,58.60339832366691
950.0,450.0,56.64200958000249
975.0,450.0,54.71654917875977
1000.0,450.0,52.82750559508212
1025.0,450.0,50.975389312302674
1050.0,450.0,49.16073431803996
1075.0,450.0,47.38409993097343
1100.0,450.0,45.64607265376663
1125.0,450.0,43.94726789635424
1150.0,450.0,42.288331917362555
1175.0,450.0,40.66994370991288
1200.0,450.0,39.092816672942725
1225.0,450.0,37.5577002721934
1250.0,450.0,36.06538127039514
1275.0,450.0,34.61668462702221
1300.0,450.0,33.21247366835785
1325.0,450.0,31.85364938431244
1350.0,450.0,30.5411485689617
1375.0,450.0,29.27594034808517
1400.0,450.0,28.05902066339275
1425.0,450.0,26.891404202633407
1450.0,450.0,25.774113190221517
1475.0,450.0,24.708162379634246
1500.0,450.0,23.694539593948697
1525.0,450.0,22.734181282973065
1550.0,450.0,21.827942621155692
1575.0,450.0,20.9765620478654
1600.0,450.0,21.31933421534826
1625.0,450.0,22.458770023460993
1650.0,450.0,23.64333694422766
1675.0,450.0,24.872907101100488
1700.0,450.0,26.147352970018467
1725.0,450.0,27.4665475947497
1750.0,450.0,28.830364469915356
1775.0,450.0,30.238677550607438
1800.0,450.0,31.691361314866406
1825.0,450.0,33.18829071339775
1850.0,450.0,34.72934104257894
1875.0,450.0,36.31438828289368
950.0,475.0,54.87387188298535
975.0,475.0,53.038516480110516
1000.0,475.0,51.23844480267298
1025.0,475.0,49.4741357286624
1050.0,475.0,47.74608931050118
1075.0,475.0,46.054828036546965
1100.0,475.0,44.40089831214628
1125.0,475.0,42.7848717202417
1150.0,475.0,41.20734646016426
1175.0,475.0,39.66894839457666
1200.0,475.0,38.17033226568789
1225.0,475.0,36.712182304364674
1250.0,475.0,35.29521276574394
1275.0,475.0,33.92016766412682
1300.0,475.0,32.58782005325741
1325.0,475.0,31.298970122605795
1350.0,475.0,30.054442297882016
1375.0,475.0,28.855080672735575
1400.0,475.0,27.701742620719557
1425.0,475.0,26.595290077156676
1450.0,475.0,25.53657808597345
1475.0,475.0,24.526440167105864
1500.0,475.0,23.565670091292038
1525.0,475.0,22.65499976233449
1550.0,475.0,21.79507300549779
1575.0,475.0,20.986415424370332
1600.0,475.0,21.05279737035782
1625.0,475.0,22.133848634615433
1650.0,475.0,23.25781594709052
1675.0,475.0,24.424583818569072
1700.0,475.0,25.634037258905995
1725.0,475.0,26.886061698712513
1750.0,475.0,28.180542984663315
1775.0,475.0,29.517367274535136
1800.0,475.0,30.896421244108307
1825.0,475.0,32.31759187508075
1850.0,475.0,33.780766697513535
1875.0,475.0,35.28583353531232
950.0,500.0,53.30518187167296
975.0,500.0,51.55221675055187
1000.0,500.0,49.833451138261935
1025.0,500.0,48.149333707849394
1050.0,500.0,46.50033182914625
1075.0,500.0,44.88693270847366
1100.0,500.0,43.30964421974035
1125.0,500.0,41.768995929147934
1150.0,500.0,40.26553993605211
1175.0,500.0,38.79985144189575
1200.0,500.0,37.37252928315617
1225.0,500.0,35.984195976291794
1250.0,500.0,34.63549735741309
1275.0,500.0,33.327101792568634
1300.0,500.0,32.05969840723703
1325.0,500.0,30.83399461392098
1350.0,500.0,29.650712343869944
1375.0,500.0,28.510582895165257
1400.0,500.0,27.414340097750685
1425.0,500.0,26.36271141106397
1450.0,500.0,25.356406757330408
1475.0,500.0,24.396104702172053
1500.0,500.0,23.482435791485607
1525.0,500.0,22.61596290695232
1550.0,500.0,21.79715866039134
1575.0,500.0,21.026380041104154
1600.0,500.0,20.855103220810417
1625.0,500.0,21.883424991424118
1650.0,500.0,22.95265455902899
1675.0,500.0,24.062687295348766
1700.0,500.0,25.21341890828785
1725.0,500.0,26.404745472861677
1750.0,500.0,27.636563445667285
1775.0,500.0,28.908769539797685
1800.0,500.0,30.22126094197945
1825.0,500.0,31.573935086930245
1850.0,500.0,32.96668981100055
975.0,525.0,50.23255495929073
1000.0,525.0,48.588345256553
1025.0,525.0,46.97771700712264
1050.0,525.0,45.40110627116141
1075.0,525.0,43.85896633897933
1100.0,525.0,42.3517682435758
1125.0,525.0,40.88000138320483
1150.0,525.0,39.4441738992531
1175.0,525.0,38.04481284348234
1200.0,525.0,36.682464176106805
1225.0,525.0,35.357692238571694
1250.0,525.0,34.071078932118034
1275.0,525.0,32.82322222438773
1300.0,525.0,31.614733909596453
1325.0,525.0,30.446236563530324
1350.0,525.0,29.318359323794716
1375.0,525.0,28.23173244353108
1400.0,525.0,27.186980335911336
1425.0,525.0,26.184712873312424
1450.0,525.0,25.225514766314145
1475.0,525.0,24.309932843571264
1500.0,525.0,23.438461085955925
1525.0,525.0,22.611523458079983
1550.0,525.0,21.82945455771167
1575.0,525.0,21.09247853026137
1600.0,525.0,20.716609491146077
1625.0,525.0,21.6970731436138
1650.0,525.0,22.716615676747285
1675.0,525.0,23.775141851040082
1700.0,525.0,24.872556584572873
1725.0,525.0,26.008765228500657
1750.0,525.0,27.18367342674449
1775.0,525.0,28.397187067319592
1800.0,525.0,29.64921238529854
1825.0,525.0,30.9396559043466
1850.0,525.0,32.26842446917802
975.0,550.0,49.058588607207035
1000.0,550.0,47.482960784363684
1025.0,550.0,45.93989286863876
1050.0,550.0,44.42979104054135
1075.0,550.0,42.95307612104357
1100.0,550.0,41.510183976929625
1125.0,550.0,40.10156575458897
1150.0,550.0,38.72768786017804
1175.0,550.0,37.38903183414691
1200.0,550.0,36.08609384276777
1225.0,550.0,34.81938383330949
1250.0,550.0,33.58942420867276
1275.0,550.0,32.39674793314771
1300.0,550.0,31.2418959520041
1325.0,550.0,30.125413777445733
1350.0,550.0,29.047847072998884
1375.0,550.0,28.00973614057879
1400.0,550.0,27.011609075257784
1425.0,550.0,26.053973495187876
1450.0,550.0,25.137306674349897
1475.0,550.0,24.262044013369916
1500.0,550.0,23.42856581588377
1525.0,550.0,22.63718239405331
1550.0,550.0,21.888117743540107
1575.0,550.0,21.18149198651309
1600.0,550.0,20.629394189443232
1625.0,550.0,21.56622598189622
1650.0,550.0,22.540464058247217
1675.0,550.0,23.552021341913843
1700.0,550.0,24.600810859009673
1725.0,550.0,25.68674600248319
1750.0,550.0,26.80974042729805
1775.0,550.0,27.969708061112872
1800.0,550.0,29.166563027691577
1825.0,550.0,30.40021979023374
1000.0,575.0,46.500349945716856
1025.0,575.0,45.01957365848598
1050.0,575.0,43.570756266911914
1075.0,575.0,42.154287695545925
1100.0,575.0,40.77057033587682
1125.0,575.0,39.42001906571714
1150.0,575.0,38.103060846589486
1175.0,575.0,36.82013439314901
1200.0,575.0,35.571689277132215
1225.0,575.0,34.35818480014429
1250.0,575.0,33.18008833435707
1275.0,575.0,32.03787318832001
1300.0,575.0,30.93201575974344
1325.0,575.0,29.862991965686298
1350.0,575.0,28.83127280979155
1375.0,575.0,27.83731894588439
1400.0,575.0,26.881574134530492
1425.0,575.0,25.964457534050858
1450.0,575.0,25.086354671152783
1475.0,575.0,24.24760716760928
1500.0,575.0,23.448501120710734
1525.0,575.0,22.68925437418426
1550.0,575.0,21.970002740253733
1575.0,575.0,21.290785624567434
1600.0,575.0,20.65153127664503
1625.0,575.0,21.48377854681408
1650.0,575.0,22.416539476434775
1675.0,575.0,23.38509123915286
1700.0,575.0,24.38935408809792
1725.0,575.0,25.429248435163437
1750.0,575.0,26.504694959544626
1775.0,575.0,27.615614624217006
1800.0,575.0,28.761928578667597
1025.0,600.0,44.20298416615979
1050.0,600.0,42.81079141381466
1075.0,600.0,41.449953091286915
1100.0,600.0,40.12083988630488
1125.0,600.0,38.82383229832746
1150.0,600.0,37.55932030923422
1175.0,600.0,36.32770245767484
1200.0,600.0,35.12938493965543
1225.0,600.0,33.96478012973399
1250.0,600.0,32.83430482449457
1275.0,600.0,31.73837779969925
1300.0,600.0,30.677416986029314
1325.0,600.0,29.65183578264396
1350.0,600.0,28.66203874296624
1375.0,600.0,27.708416349731547
1400.0,600.0,26.791338878558804
1425.0,600.0,25.91114930609796
1450.0,600.0,25.06815517743529
1475.0,600.0,24.26261952672484
1500.0,600.0,23.494750783710337
1525.0,600.0,22.764691928490304
1550.0,600.0,22.072509038575223
1575.0,600.0,21.418179356709167
1600.0,600.0,20.80157964809794
1625.0,600.0,21.443788936667886
1650.0,600.0,22.338434662863545
1675.0,600.0,23.267463030273383
1700.0,600.0,24.23080055519746
1725.0,600.0,25.2283739086185
1750.0,600.0,26.260109989709036
1775.0,600.0,27.325935872767694
1800.0,600.0,28.4257789537976
1050.0,625.0,42.138659278270325
1075.0,625.0,40.82932078249295
1100.0,625.0,39.55072473879685
1125.0,625.0,38.30321944591668
1150.0,625.0,37.087160098723544
1175.0,625.0,35.90290786490293
1200.0,625.0,34.75082868223421
1225.0,625.0,33.631291724315915
1250.0,625.0,32.54466740013371
1275.0,625.0,31.491324986918244
1300.0,625.0,30.471629659873027
1325.0,625.0,29.485938928502893
1350.0,625.0,28.53459848338378
1375.0,625.0,27.617937251732634
1400.0,625.0,26.73626175550736
1425.0,625.0,25.8898496498477
1450.0,625.0,25.07894248405499
1475.0,625.0,24.303737740476553
1500.0,625.0,23.56438013727391
1525.0,625.0,22.86095245140448
1550.0,625.0,22.193465960010826
1575.0,625.0,21.561850790772993
1600.0,625.0,20.965946534869314
1625.0,625.0,21.441249625587833
1650.0,625.0,22.300749306061967
1675.0,625.0,23.19332994539557
1700.0,625.0,24.118923606811972
1725.0,625.0,25.077462502183852
1750.0,625.0,26.06887902601308
1775.0,625.0,27.093105826397643
1075.0,650.0,40.28319708886646
1100.0,650.0,39.051451025649136
1125.0,650.0,37.84982449659695
1150.0,650.0,36.67864032272763
1175.0,650.0,35.53822490600442
1200.0,650.0,34.42890706768588
1225.0,650.0,33.35101628062961
1250.0,650.0,32.30488073403814
1275.0,650.0,31.29082486825469
1300.0,650.0,30.309166504710205
1325.0,650.0,29.360213394282624
1350.0,650.0,28.444259282559976
1375.0,650.0,27.56157935232953
1400.0,650.0,26.71242502342536
1425.0,650.0,25.897018178866396
1450.0,650.0,25.115544767280756
1475.0,650.0,24.368147824123987
1500.0,650.0,23.654920111006813
1525.0,650.0,22.97589629637185
1550.0,650.0,22.331045141061562
1575.0,650.0,21.72026154607823
1600.0,650.0,21.143359202378544
1625.0,650.0,21.471910748402852
1650.0,650.0,22.298899610611237
1675.0,650.0,23.157762662907373
1700.0,650.0,24.04843685318111
1725.0,650.0,24.97085934463705
1750.0,650.0,25.924967428330007
1100.0,675.0,38.615480261797316
1125.0,675.0,37.456473276139484
1150.0,675.0,36.32694925002677
1175.0,675.0,35.227202507723355
1200.0,675.0,34.157527678202804
1225.0,675.0,33.11821799813657
1250.0,675.0,32.10956330007042
1275.0,675.0,31.13184762459256
1300.0,675.0,30.185346422182327
1325.0,675.0,29.270323321868545
1350.0,675.0,28.38702644032162
1375.0,675.0,27.535684174392912
1400.0,675.0,26.716500529789208
1425.0,675.0,25.929649963364554
1450.0,675.0,25.175271750329145
1475.0,675.0,24.453463992558984
1500.0,675.0,23.764277296604224
1525.0,675.0,23.107708277861438
1550.0,675.0,22.483693064515087
1575.0,675.0,21.89210088464136
1600.0,675.0,21.33272830092886
1625.0,675.0,21.53214198856052
1650.0,675.0,22.328969676671132
1675.0,675.0,23.156549595634754
1700.0,675.0,24.01482315309955
1725.0,675.0,24.90373186327776
1100.0,700.0,38.23630237273114
1125.0,700.0,37.116974604633405
1150.0,700.0,36.026212922563666
1175.0,700.0,34.96428205731933
1200.0,700.0,33.93144534314914
1225.0,700.0,32.92796300104964
1250.0,700.0,31.954090167446083
1275.0,700.0,31.01007460048193
1300.0,700.0,30.096154013858904
1325.0,700.0,29.212553043118266
1350.0,700.0,28.359479837591753
1375.0,700.0,27.537122250761215
1400.0,700.0,26.745643632670937
1425.0,700.0,25.985178264211978
1450.0,700.0,25.25582646811205
1475.0,700.0,24.55764941468614
1500.0,700.0,23.890663810191604
1525.0,700.0,23.254836411195903
1550.0,700.0,22.650078800640223
1575.0,700.0,22.076242160704208
1600.0,700.0,21.533112718296103
1625.0,700.0,21.618823835559148
1650.0,700.0,22.387594117930277
1675.0,700.0,23.186070907339598
1700.0,700.0,24.014199580658275
1150.0,725.0,35.77134162726624
1175.0,725.0,34.74465072692995
1200.0,725.0,33.74612214907433
1225.0,725.0,32.77598616224616
1250.0,725.0,31.834466630898998
1275.0,725.0,30.921778839580462
1300.0,725.0,30.0381269861254
1325.0,725.0,29.183701371439614
1350.0,725.0,28.358675273346826
1375.0,725.0,27.563201524830166
1400.0,725.0,26.797408749463276
1425.0,725.0,26.06139735780308
1450.0,725.0,25.35523527839214
1475.0,725.0,24.67895357466413
1500.0,725.0,24.032541880153172
1525.0,725.0,23.41594393352962
1550.0,725.0,22.829053198922296
1575.0,725.0,22.271708854138556
1600.0,725.0,21.743692060588984
1625.0,725.0,21.729260503294967
1650.0,725.0,22.471864480113883
1675.0,725.0,23.243197973386163
1175.0,750.0,34.564122344188974
1200.0,750.0,33.59761395059368
1225.0,750.0,32.65858322987698
1250.0,750.0,31.747225954990814
1275.0,750.0,30.86372843661414
1300.0,750.0,30.008265203111133
1325.0,750.0,29.180996414310894
1350.0,750.0,28.382065040853266
1375.0,750.0,27.61159376058295
1400.0,750.0,26.869681653673638
1425.0,750.0,26.156400698117015
1450.0,750.0,25.471792081313637
1475.0,750.0,24.815862449409952
1500.0,750.0,24.18858008154076
1525.0,750.0,23.589871237460674
1550.0,750.0,23.019616569545907
1575.0,750.0,22.477647918025003
1600.0,750.0,21.96374544996208
1625.0,750.0,21.861110576127142
1650.0,750.0,22.579254407928026
1200.0,775.0,33.48247771616704
1225.0,775.0,32.57252281966699
1250.0,775.0,31.689346031792436
1275.0,775.0,30.833107896779914
1300.0,775.0,30.003956759571462
1325.0,775.0,29.202026419523293
1350.0,775.0,28.42743356121127
1375.0,775.0,27.680275015759523
1400.0,775.0,26.96062483892764
1425.0,775.0,26.268531258185302
1450.0,775.0,25.604013493770335
1475.0,775.0,24.96705859076699
1500.0,775.0,24.357618266139312
1525.0,775.0,23.775605772344132
1550.0,775.0,23.220893146206123
1575.0,775.0,22.693308667613312
1600.0,775.0,22.19263457041599
1625.0,775.0,22.01233060412429
1225.0,800.0,32.514974201738376
1250.0,800.0,31.658181081133527
1275.0,800.0,30.827453766698902
1300.0,800.0,30.02291757388005
1325.0,800.0,29.24468330284043
1350.0,800.0,28.49284494324311
1375.0,800.0,27.767477243576526
1400.0,800.0,27.068633144822556
1425.0,800.0,26.396341151024366
1450.0,800.0,25.7506025942855
1475.0,800.0,25.13138898257433
1500.0,800.0,24.53863928902865
1525.0,800.0,23.97225759183213
1550.0,800.0,23.432110591361884
1575.0,800.0,22.91802588184733
1600.0,800.0,22.429790145796357
1275.0,825.0,30.8446016076286
1300.0,825.0,30.063141666066006
1325.0,825.0,29.307116300518267
1350.0,825.0,28.57659997240112
1375.0,825.0,27.871648631380065
1400.0,825.0,27.19229752549814
1425.0,825.0,26.538558853555646
1450.0,825.0,25.910419511503612
1475.0,825.0,25.30783882999465
1500.0,825.0,24.730746364550424
1525.0,825.0,24.179039863122963
1550.0,825.0,23.65258351860581
1300.0,850.0,30.122860075836208
1325.0,850.0,29.387693699406398
1350.0,850.0,28.677200678171797
1375.0,850.0,27.99142105512246
1400.0,850.0,27.33037527964036
1425.0,850.0,26.694062238314014
1450.0,850.0,26.082457288510323
1475.0,850.0,25.495510404856542
1500.0,850.0,24.933144338280073
1525.0,850.0,24.395253010990395
1350.0,875.0,28.79332097629181
1375.0,875.0,28.12558306559339
1400.0,875.0,27.481765545842627
1425.0,875.0,26.861856450872224
1450.0,875.0,26.265822106110978
1475.0,875.0,25.693605449732047
1400.0,900.0,27.645488843648092
1425.0,900.0,27.04105552755804
