x_m,y_m,worst_diameter_m,worst_area_m2,within_5m_of_best
352.67115138,-485.41019662,205.848005158546,4719.558546727512,0
352.67115138,485.41019662,205.848005158546,4719.55854672752,0
401.47836382,-445.88689529,207.20154526673977,4613.001509942109,0
401.47836382,445.88689529,207.20154526673977,4613.001509942114,0
411.4496766,-566.31189606,175.85692410648005,4063.431237687657,0
411.4496766,566.31189606,175.85692410648005,4063.431237687648,0
445.88689529,-401.47836382,212.07226145439606,4564.2084991514475,0
445.88689529,401.47836382,212.07226145439606,4564.208499151455,0
468.39142445,-520.20137783,174.79685802567482,3904.298676020404,0
468.39142445,520.20137783,174.79685802567482,3904.298676020404,0
470.22820183,-647.2135955,153.5258403314292,3594.63679324435,0
470.22820183,647.2135955,153.5258403314292,3594.6367932443536,0
485.41019662,-352.67115138,221.7027479474784,4589.942474901694,0
485.41019662,352.67115138,221.7027479474784,4589.942474901698,0
519.61524227,-300.0,238.21899065861894,4733.941018874688,0
519.61524227,300.0,238.21899065861874,4733.941018874702,0
520.20137783,-468.39142445,176.53853369389697,3779.885114326713,0
520.20137783,468.39142445,176.53853369389697,3779.885114326713,0
529.00672706,-728.11529494,136.6156240129052,3251.2003126191994,0
529.00672706,728.11529494,136.6156240129052,3251.200312619214,0
535.30448509,-594.51586038,150.61087559333814,3390.302921764336,0
535.30448509,594.51586038,150.61087559333794,3390.3029217643343,0
548.12727459,-244.04198585,265.4756303080677,5070.83476850935,0
548.12727459,244.04198585,265.47563030806793,5070.834768509343,0
566.31189606,-411.4496766,182.06402528985797,3702.896333246017,0
566.31189606,411.4496766,182.06402528985774,3702.896333246019,0
570.63390978,-185.41019662,311.1150822772261,5763.203914105272,0
570.63390978,185.41019662,311.1150822772261,5763.2039141052865,0
586.88856044,-124.74701449,392.5137716321396,7036.104327434776,0
586.88856044,124.74701449,392.5137716321396,7036.104327434772,0
587.78525229,-809.01699437,123.66582501533556,3006.015655062598,0
587.78525229,809.01699437,123.66582501533576,3006.0156550626125,0
594.51586038,-535.30448509,149.91206654877035,3202.9498944754087,0
594.51586038,535.30448509,149.91206654877035,3202.9498944754014,0
596.71313722,-62.71707796,559.1285934258913,9665.373492111503,0
596.71313722,62.71707796,559.1285934258913,9665.373492111506,0
602.21754572,-668.83034293,132.28449291453325,3016.9630881826506,0
602.21754572,668.83034293,132.28449291453325,3016.9630881826633,0
606.21778265,-350.0,193.10215892989916,3690.05472091915,0
606.21778265,350.0,193.10215892989893,3690.0547209191573,0
639.48182035,-284.71565015,212.88229520517962,3895.8221719065696,0
639.48182035,284.71565015,212.88229520517962,3895.8221719065714,0
647.2135955,-470.22820183,152.17384953730433,3050.931357138801,0
647.2135955,470.22820183,152.17384953730433,3050.9313571388084,0
665.73956141,-216.31189606,248.03589117414896,4363.685975163802,0
665.73956141,216.31189606,248.03589117414896,4363.685975163811,0
668.83034293,-602.21754572,129.70049642357858,2794.337348496427,0
668.83034293,602.21754572,129.70049642357858,2794.3373484964322,0
669.13060636,-743.14482548,118.26580928510788,2740.305984463219,0
669.13060636,743.14482548,118.26580928510788,2740.305984463219,0
684.70332051,-145.53818357,314.375402924455,5301.108597645671,0
684.70332051,145.53818357,314.375402924455,5301.108597645674,0
692.82032303,-400.0,158.74736957361628,2988.934222610773,0
692.82032303,400.0,158.74736957361606,2988.9342226107656,0
696.16532676,-73.16992429,460.5788126546214,7364.792869291916,0
696.16532676,73.16992429,460.5788126546214,7364.792869291923,0
728.11529494,-529.00672706,129.39868100857612,2597.891722190947,0
728.11529494,529.00672706,129.39868100857612,2597.8917221909505,0
730.83636611,-325.38931446,172.23463826784422,3023.7610667703066,0
730.83636611,325.38931446,172.23463826784376,3023.761066770294,0
743.14482548,-669.13060636,114.2484553493869,2500.3444518858996,1
743.14482548,669.13060636,114.2484553493869,2500.3444518859033,1
760.84521304,-247.2135955,198.1636960317929,3296.450989694971,0
760.84521304,247.2135955,198.16369603179268,3296.450989694982,0
779.42286341,-450.0,132.38383805409373,2466.4098701898947,0
779.42286341,450.0,132.38383805409373,2466.4098701899056,0
782.51808059,-166.32935265,250.29698698832294,3934.914218994214,0
782.51808059,166.32935265,250.29698698832294,3934.914218994216,0
795.61751629,-83.62277061,374.0390786865099,5485.137065631987,0
795.61751629,83.62277061,374.0390786865097,5485.137065631987,0
809.01699437,-587.78525229,111.97180521752338,2265.7636453997256,1
809.01699437,587.78525229,111.97180521752338,2265.763645399711,1
822.19091188,-366.06297877,140.65633884384172,2406.9759363524754,0
822.19091188,366.06297877,140.65633884384172,2406.9759363524754,0
855.95086467,-278.11529494,158.6241881987409,2486.854283611028,0
855.95086467,278.11529494,158.6241881987409,2486.8542836110464,0
866.02540378,-500.0,112.13452056415683,2079.4021934634475,1
866.02540378,500.0,112.13452056415704,2079.402193463451,1
880.33284066,-187.12052174,197.74979185334297,2870.2288840684723,0
880.33284066,187.12052174,197.7497918533432,2870.2288840684632,0
895.06970583,-94.07561694,298.36623050928864,3932.4408562066965,0
895.06970583,94.07561694,298.36623050928864,3932.4408562067,0
913.54545764,-406.73664308,116.17850286884081,1943.7563850959632,1
913.54545764,406.73664308,116.17850286884082,1943.7563850959632,1
923.07692308,-384.61538462,117.93859525849574,1922.6928219652764,0
923.07692308,384.61538462,117.93859525849574,1922.6928219652837,0
951.0565163,-309.01699437,127.4155472025787,1913.4304564346785,0
951.0565163,309.01699437,127.4155472025789,1913.4304564346858,0
978.14760073,-207.91169082,155.14262335674007,2055.230759913675,0
978.14760073,207.91169082,155.14262335674005,2055.2307599136784,0
994.52189537,-104.52846327,286.3681358508848,2721.84564823218,0
994.52189537,104.52846327,286.3681358508848,2721.8456482321926,0
771.4505706268037,463.5342674169385,131.5916597844043,2484.1524591829184,0
763.2432865357237,476.9273378076856,130.92996600741793,2503.7123921486636,0
754.803511145861,490.17513151123757,130.38845402917607,2524.96891474889,0
746.1338152945575,503.273613121298,129.95799466533515,2547.813934684029,0
737.2368398551548,516.2187927134809,129.63047766126547,2572.150540027076,0
728.1152949325585,529.0067270606794,129.39868101341295,2597.8917221824886,0
718.7719590377146,541.633520834212,129.25615901395201,2624.959277111724,0
709.2096782412475,554.0953277903768,129.19714743937683,2653.2828422843195,0
699.4313653065195,566.3883519420548,129.21648169954062,2684.252201637424,0
689.4399988023756,578.5088487150039,129.30952639312147,2724.098616003639,0
679.2386221958411,590.4531260884934,129.47211482365495,2754.328552640838,0
792.8797531443448,476.41021928970935,126.16536789357889,2378.697169384308,0
784.4444889396223,490.17531941353496,125.64422615767056,2400.9479149661565,0
775.7702753444842,503.7911073866323,125.23473725276418,2424.761113351011,0
766.8597546084209,517.2534357080855,124.92843872106452,2450.037757066828,0
757.7156409623666,530.5582036222756,124.71782351518247,2476.6892508450474,0
748.3407197919189,543.7013583680097,124.59621636663769,2504.6362033660153,0
738.7378467888833,556.6788964130313,124.55766792003232,2533.807401576021,0
728.9099470814016,569.4868646735362,124.59686523164022,2564.138906541699,0
718.8600143429296,582.1213617183183,124.7090544957847,2599.891521553611,0
708.5911098803355,594.5785389571847,124.88997510542306,2631.012405836671,0
698.1063617013955,606.8546018132732,125.13580243926616,2672.7809355484314,0
814.3089356618859,489.2861711624801,121.0869226582869,2281.050308288155,0
805.6456913435209,503.4233010193843,120.69809984869846,2305.8344691496786,0
796.7370395431075,517.407083262027,120.41276406888375,2332.05300299764,0
787.5856939222842,531.2332582948729,120.2231053644983,2359.6157543261943,0
778.1944420695784,544.8976145310703,120.12220588364006,2388.442202152117,0
768.5661446512793,558.3959896753398,120.1039229919121,2418.4603435349673,0
758.703734540052,571.7242719918506,120.16279016064833,2449.605726479116,0
748.6102159215557,584.8784015566955,120.2939323093618,2481.820616081208,0
738.2886633793396,597.8543714945819,120.49299350609353,2515.0532724220757,0
727.7422209582953,610.6482291993656,120.75607513583165,2555.3530751935486,0
716.97410120695,623.256077538053,121.07968256214392,2597.257136131042,0
835.738118179427,502.16212303525094,116.33524057800015,2190.788572627098,1
826.8468937474195,516.6712826252337,116.07073221368347,2217.9525453577335,1
817.7038037417307,531.0230591374217,115.90191384569768,2246.4290253045874,1
808.3116332361476,545.2130808816604,115.82161239486275,2276.1364281052665,1
798.6732431767902,559.2370254398651,115.82348379933138,2307.0020401611655,1
788.7915695106396,573.09062098267,115.90190317110321,2338.960982460907,1
778.6696222912207,586.76964757067,116.05187185842105,2371.9553171004773,1
768.3104847617097,600.2699384398547,116.2689383979639,2407.6883775831448,1
757.7173124157496,613.5873812708454,116.54913101586264,2441.835447857142,1
746.8933320362552,626.7179194415464,116.88889976769285,2485.407532441579,0
735.8418407125043,639.6575532628328,117.28506707238321,2521.40237605077,0
857.1673006969681,515.0380749080217,111.89083225362317,2107.516833095149,1
848.0480961513181,529.919264231083,111.74285230608061,2136.910999055188,1
838.670567940354,544.6390350128164,111.68313997338863,2167.5021242664116,1
829.037572550011,559.1929034684479,111.70514212472212,2199.216882336732,1
819.1520442840019,573.5764363486599,111.80307171083388,2231.9900686715046,1
809.01699437,587.7852522900001,111.97180521752338,2265.763645399722,1
798.6355100423893,601.8150231494893,112.20679614853232,2300.4859173187906,1
788.0107536018638,615.6614753230141,112.50400135436948,2336.1108229230267,1
777.1459614521596,629.3203910471091,112.85981841236855,2377.2268755909263,1
766.044443114215,642.7876096837273,113.271032184644,2420.5219020761906,1
754.7095802180588,656.0590289876126,113.73476855664025,2458.2664564889637,1
