layout,noise,n,vertices_count,total,bounded,unbounded,degenerate,failures,failure_rate,source_outside_count,median_vertices,mean_circularity,median_circularity,median_ratio,p95_ratio,max_ratio,failure_over_1pct,polygon_inside_arena_count
local_walk,truncnorm,2,4,2160,2160,0,0,0,0.0,0,4.0,0.1279325109406179,0.0946350108998962,1.0,1.0000000000000002,1.0000000000000002,0.0,1473
local_walk,truncnorm,3,3,4,4,0,0,0,0.0,0,3.0,0.19752044289593257,0.09707648713332653,1.0,1.0,1.0,0.0,4
local_walk,truncnorm,3,4,705,705,0,0,3,0.00425531914893617,0,4.0,0.18558705831484748,0.14126096975820285,1.0,1.0000000000000002,1.0155374288856232,0.0014184397163120568,571
local_walk,truncnorm,3,5,1493,1493,0,0,6,0.004018754186202277,0,5.0,0.19369792956204152,0.16209356412389506,1.0,1.0000000000000002,1.029817828287912,0.0013395847287340924,1210
local_walk,truncnorm,3,6,248,248,0,0,2,0.008064516129032258,0,6.0,0.30246540355943563,0.2518121902908086,1.0,1.0000000000000002,1.0101051170659399,0.004032258064516129,210
local_walk,truncnorm,4,3,7,7,0,0,0,0.0,0,3.0,0.22951091639474688,0.12081414417581927,1.0,1.0000000000000002,1.0000000000000002,0.0,7
local_walk,truncnorm,4,4,566,566,0,0,5,0.0088339222614841,0,4.0,0.2599025215984457,0.2128200016632431,1.0,1.0000000000000002,1.0390615314686875,0.0035335689045936395,514
local_walk,truncnorm,4,5,1038,1038,0,0,8,0.007707129094412331,0,5.0,0.2448286458683281,0.2155476950159338,1.0,1.0000000000000002,1.0309464151312882,0.0038535645472061657,896
local_walk,truncnorm,4,6,775,775,0,0,7,0.00903225806451613,0,6.0,0.2780639812590225,0.241690295164197,1.0,1.0000000000000002,1.035619675323184,0.005161290322580645,681
local_walk,truncnorm,4,7,93,93,0,0,2,0.021505376344086023,0,7.0,0.36350309684910914,0.3444642586561222,1.0,1.0000000000000002,1.010105117065941,0.010752688172043012,82
local_walk,truncnorm,4,8,13,13,0,0,0,0.0,0,8.0,0.2890270332301273,0.2591402917959376,1.0,1.0000000000000002,1.0000000000000002,0.0,12
local_walk,truncnorm,6,3,8,8,0,0,0,0.0,0,3.0,0.23912414195588486,0.14564916574116293,1.0,1.0000000000000002,1.0000000000000002,0.0,8
local_walk,truncnorm,6,4,410,410,0,0,10,0.024390243902439025,0,4.0,0.3422348713517576,0.3129456080456129,1.0,1.0000000000000002,1.0423816317504475,0.007317073170731708,383
local_walk,truncnorm,6,5,911,911,0,0,25,0.027442371020856202,0,5.0,0.34339538176563356,0.3137301379790383,1.0,1.0000000000000002,1.0573144991280994,0.009879253567508232,854
local_walk,truncnorm,6,6,767,767,0,0,19,0.024771838331160364,0,6.0,0.3751976545253792,0.35339003259249374,1.0,1.0000000000000002,1.0488649113802255,0.007822685788787484,717
local_walk,truncnorm,6,7,339,339,0,0,7,0.02064896755162242,0,7.0,0.396060464166708,0.3646028413889712,1.0,1.0000000000000002,1.0215538376220519,0.011799410029498525,309
local_walk,truncnorm,6,8,58,58,0,0,2,0.034482758620689655,0,8.0,0.4457852221415628,0.43742995221225645,1.0,1.0000000000000002,1.0139225288065339,0.034482758620689655,57
local_walk,truncnorm,6,9,6,6,0,0,0,0.0,0,9.0,0.4766749695397699,0.5147535496291472,1.0,1.0000000000000002,1.0000000000000002,0.0,6
local_walk,truncnorm,6,10,1,1,0,0,0,0.0,0,10.0,0.7001894627817572,0.7001894627817572,1.0,1.0,1.0,0.0,1
local_walk,truncnorm,8,3,4,4,0,0,0,0.0,0,3.0,0.44833167857603623,0.4756874253073957,1.0,1.0000000000000002,1.0000000000000002,0.0,4
local_walk,truncnorm,8,4,385,385,0,0,13,0.033766233766233764,0,4.0,0.41240803177617963,0.40772804967296183,1.0,1.0000000000000002,1.0423816317504515,0.012987012987012988,370
local_walk,truncnorm,8,5,787,787,0,0,40,0.05082592121982211,0,5.0,0.40752505156098306,0.3874059047244979,1.0,1.0000007963454554,1.0573144991280994,0.025412960609911054,757
local_walk,truncnorm,8,6,743,743,0,0,37,0.04979811574697174,0,6.0,0.445218833569012,0.42374418656135376,1.0,1.0000000000000002,1.0500068062110615,0.020188425302826378,721
local_walk,truncnorm,8,7,412,412,0,0,18,0.043689320388349516,0,7.0,0.4611822509947995,0.46129944781485677,1.0,1.0000000000000002,1.0278334086636907,0.01699029126213592,388
local_walk,truncnorm,8,8,139,139,0,0,11,0.07913669064748201,0,8.0,0.4997130159080675,0.47245683752755796,1.0,1.000996587114263,1.074833777309033,0.02877697841726619,132
local_walk,truncnorm,8,9,25,25,0,0,1,0.04,0,9.0,0.5534677942649602,0.5715563318439375,1.0,1.0000000000000002,1.0024990166342795,0.0,24
local_walk,truncnorm,8,10,5,5,0,0,0,0.0,0,10.0,0.605652980035109,0.6295745790203741,1.0,1.0000000000000002,1.0000000000000002,0.0,4
local_walk,truncnorm,12,3,10,10,0,0,3,0.3,0,3.0,0.4414580103014429,0.47666714069063165,1.0,1.051259330614166,1.0588019018740245,0.3,10
local_walk,truncnorm,12,4,337,337,0,0,31,0.09198813056379822,0,4.0,0.49617158588310156,0.500393509309471,1.0,1.0032886075494272,1.0843606507406494,0.04451038575667656,329
local_walk,truncnorm,12,5,680,680,0,0,71,0.10441176470588236,0,5.0,0.5102564122360421,0.5189675917288229,1.0,1.0065967671968774,1.0849475805852913,0.04411764705882353,664
local_walk,truncnorm,12,6,757,757,0,0,71,0.09379128137384413,0,6.0,0.5413172571493543,0.5513083519901987,1.0,1.0059678193442096,1.0595756757791177,0.034346103038309116,745
local_walk,truncnorm,12,7,453,453,0,0,39,0.08609271523178808,0,7.0,0.5569396352807877,0.5678098131336153,1.0,1.0036173805816508,1.0897018810397308,0.02869757174392936,441
local_walk,truncnorm,12,8,196,196,0,0,26,0.1326530612244898,0,8.0,0.6033685083915817,0.6134925178246664,1.0,1.0073465876744407,1.0646266745098756,0.04081632653061224,190
local_walk,truncnorm,12,9,55,55,0,0,5,0.09090909090909091,0,9.0,0.6538247812787866,0.6978404299067519,1.0,1.003803972341458,1.0221614031258468,0.01818181818181818,50
local_walk,truncnorm,12,10,9,9,0,0,3,0.3333333333333333,0,10.0,0.6449502682217318,0.6212686865070534,1.0,1.0218202220026542,1.0322414333507413,0.1111111111111111,9
local_walk,truncnorm,12,11,3,3,0,0,0,0.0,0,11.0,0.6822673248011815,0.8488643085339465,1.0,1.0000000000000002,1.0000000000000002,0.0,3
local_walk,truncnorm,20,3,14,14,0,0,6,0.42857142857142855,0,3.0,0.46577107264022277,0.5182694368192549,1.0,1.0457515311885592,1.052643200353042,0.35714285714285715,14
local_walk,truncnorm,20,4,298,298,0,0,40,0.1342281879194631,0,4.0,0.568434031143052,0.5947967249431005,1.0,1.0119233590440877,1.1015722378240502,0.06711409395973154,295
local_walk,truncnorm,20,5,616,616,0,0,137,0.2224025974025974,0,5.0,0.6090423372585045,0.6274148477273582,1.0,1.0230109108932406,1.0728054539605365,0.09415584415584416,608
local_walk,truncnorm,20,6,723,723,0,0,142,0.19640387275242047,0,6.0,0.6352413669344777,0.6670717125512462,1.0,1.0176574963809117,1.089463360636996,0.07607192254495158,714
local_walk,truncnorm,20,7,492,492,0,0,119,0.241869918699187,0,7.0,0.6632752919687529,0.6921027854129569,1.0,1.0220894908927685,1.1151553557637215,0.09349593495934959,486
local_walk,truncnorm,20,8,244,244,0,0,59,0.24180327868852458,0,8.0,0.6925235133049932,0.7226973908654923,1.0,1.0173467239420693,1.082776487025657,0.0778688524590164,242
local_walk,truncnorm,20,9,91,91,0,0,18,0.1978021978021978,0,9.0,0.6946586295838815,0.7301762125483774,1.0,1.0063013145900244,1.0334210751374446,0.04395604395604396,87
local_walk,truncnorm,20,10,10,10,0,0,2,0.2,0,10.0,0.7584193039279941,0.7608288962503409,1.0,1.0127715456933735,1.0130995971269237,0.2,9
local_walk,truncnorm,20,11,12,12,0,0,3,0.25,0,11.0,0.7492732451214729,0.8212638445107165,1.0,1.0138242198789575,1.0211766170571561,0.08333333333333333,12
local_walk,truncnorm,32,3,19,19,0,0,9,0.47368421052631576,0,3.0,0.5079214149011999,0.53691081879073,1.0000000000000002,1.0636634833753196,1.0789785121681965,0.42105263157894735,19
local_walk,truncnorm,32,4,277,277,0,0,76,0.2743682310469314,0,4.0,0.6084867835022831,0.6397151605595472,1.0,1.0361115513476462,1.1032167122553942,0.11913357400722022,274
local_walk,truncnorm,32,5,595,595,0,0,197,0.3310924369747899,0,5.0,0.6538779324098188,0.6818744429651383,1.0,1.0332961973361816,1.118116144453926,0.16134453781512606,587
local_walk,truncnorm,32,6,730,730,0,0,249,0.3410958904109589,0,6.0,0.6888826025231329,0.7102051595805488,1.0,1.0298558128403912,1.0823252961760075,0.14657534246575343,725
local_walk,truncnorm,32,7,495,495,0,0,179,0.3616161616161616,0,7.0,0.7331766075853635,0.7580517537497619,1.0,1.0320617714073,1.1134085171545052,0.1696969696969697,487
local_walk,truncnorm,32,8,250,250,0,0,90,0.36,0,8.0,0.7456825529027185,0.766556855933403,1.0000000000000002,1.0417345219110274,1.0860668220427612,0.132,249
local_walk,truncnorm,32,9,101,101,0,0,38,0.37623762376237624,0,9.0,0.7636946059470938,0.7890477422836844,1.0000000000000002,1.0214134776636075,1.0543925863141648,0.06930693069306931,101
local_walk,truncnorm,32,10,21,21,0,0,11,0.5238095238095238,0,10.0,0.8069486238131511,0.8068098151503481,1.000003788138807,1.0170256543481762,1.021566652973408,0.19047619047619047,21
local_walk,truncnorm,32,11,12,12,0,0,6,0.5,0,11.0,0.8236159406160386,0.8360147734902984,1.0012552618085249,1.028764972453275,1.0429148835802267,0.25,12
local_walk,uniform,2,3,1,1,0,0,0,0.0,0,3.0,0.0017657819411192426,0.0017657819411192426,1.0,1.0,1.0,0.0,0
local_walk,uniform,2,4,2154,2154,0,0,0,0.0,0,4.0,0.1284721266847002,0.0956734428366984,1.0,1.0000000000000002,1.0000000000000004,0.0,1500
local_walk,uniform,3,3,140,140,0,0,2,0.014285714285714285,0,3.0,0.12135775712747439,0.08659450192444604,1.0,1.0000000000000002,1.0294516214999316,0.014285714285714285,123
local_walk,uniform,3,4,1083,1083,0,0,6,0.00554016620498615,0,4.0,0.17359067860568003,0.12642394378024968,1.0,1.0000000000000002,1.0382407066665864,0.0018467220683287165,897
local_walk,uniform,3,5,1096,1096,0,0,5,0.004562043795620438,0,5.0,0.18840908495472872,0.15807658188958104,1.0,1.0000000000000002,1.0319258261757782,0.0018248175182481751,881
local_walk,uniform,3,6,133,133,0,0,2,0.015037593984962405,0,6.0,0.31226097189483615,0.24553711882073745,1.0,1.0000000000000002,1.010370480433866,0.007518796992481203,115
local_walk,uniform,4,3,154,154,0,0,7,0.045454545454545456,0,3.0,0.17047539059846012,0.13354654667619578,1.0,1.0000000000000002,1.0306742489557539,0.032467532467532464,143
local_walk,uniform,4,4,988,988,0,0,10,0.010121457489878543,0,4.0,0.21468537425630208,0.16963578925040593,1.0,1.0000000000000002,1.0561586969677588,0.005060728744939271,893
local_walk,uniform,4,5,925,925,0,0,10,0.010810810810810811,0,5.0,0.2349992596655731,0.20015592921684774,1.0,1.0000000000000002,1.0702111487161932,0.003243243243243243,815
local_walk,uniform,4,6,389,389,0,0,5,0.012853470437017995,0,6.0,0.268354160402528,0.23373978057081407,1.0,1.0000000000000002,1.0306084330092218,0.007712082262210797,338
local_walk,uniform,4,7,33,33,0,0,0,0.0,0,7.0,0.2500888939736602,0.22080552128303102,1.0,1.0000000000000002,1.0000000000000002,0.0,29
local_walk,uniform,4,8,3,3,0,0,0,0.0,0,8.0,0.2221950735948978,0.17819355479257876,1.0,1.0000000000000002,1.0000000000000002,0.0,3
local_walk,uniform,6,3,152,152,0,0,8,0.05263157894736842,0,3.0,0.22792667375361186,0.194169610049771,1.0,1.0007256836088936,1.0653021685793997,0.02631578947368421,145
local_walk,uniform,6,4,954,954,0,0,32,0.033542976939203356,1,4.0,0.2835304300428279,0.2539110627278831,1.0,1.0000000000000002,1.0721294222340205,0.016771488469601678,921
local_walk,uniform,6,5,888,888,0,0,24,0.02702702702702703,0,5.0,0.3124167049335307,0.27343195213314364,1.0,1.0000000000000002,1.0502245379215887,0.01126126126126126,832
local_walk,uniform,6,6,409,409,0,0,8,0.019559902200488997,0,6.0,0.3289522451348245,0.2974703009328577,1.0,1.0000000000000002,1.0186952755414898,0.009779951100244499,390
local_walk,uniform,6,7,87,87,0,0,2,0.022988505747126436,0,7.0,0.33366658064401533,0.29008382879921407,1.0,1.0000000000000002,1.0380994473196614,0.022988505747126436,81
local_walk,uniform,6,8,9,9,0,0,0,0.0,0,8.0,0.4665056540411172,0.5088465327902416,1.0,1.0,1.0,0.0,9
local_walk,uniform,6,9,1,1,0,0,0,0.0,0,9.0,0.7690197068193052,0.7690197068193052,1.0000000000000002,1.0000000000000002,1.0000000000000002,0.0,1
local_walk,uniform,8,3,172,172,0,0,15,0.0872093023255814,1,3.0,0.24978077193201428,0.2053163278978922,1.0,1.0072439776782034,1.071736927835149,0.046511627906976744,167
local_walk,uniform,8,4,896,896,0,0,47,0.052455357142857144,1,4.0,0.3379712131773713,0.3147573092969283,1.0,1.0000258199538279,1.0864850096570267,0.027901785714285716,875
local_walk,uniform,8,5,869,869,0,0,47,0.05408515535097814,0,5.0,0.36249703911256903,0.32994171412936457,1.0,1.0001406428282436,1.1128853926462148,0.023014959723820484,850
local_walk,uniform,8,6,424,424,0,0,18,0.04245283018867924,1,6.0,0.39455562714456666,0.36847376725376313,1.0,1.0000000000000002,1.0523185625833704,0.02122641509433962,405
local_walk,uniform,8,7,122,122,0,0,5,0.040983606557377046,0,7.0,0.4149858252000055,0.38168758207161235,1.0,1.0000000000000002,1.0409886326190245,0.01639344262295082,120
local_walk,uniform,8,8,13,13,0,0,0,0.0,0,8.0,0.5437888301960341,0.5807093775581311,1.0,1.0,1.0000000000000002,0.0,13
local_walk,uniform,8,9,3,3,0,0,0,0.0,0,9.0,0.4530519622340072,0.4089117618657444,1.0,1.0000000000000002,1.0000000000000002,0.0,3
local_walk,uniform,8,10,1,1,0,0,0,0.0,0,10.0,0.44964342023041803,0.44964342023041803,1.0,1.0,1.0,0.0,1
local_walk,uniform,12,3,170,170,0,0,33,0.19411764705882353,0,3.0,0.31018197247785845,0.2777961231183588,1.0,1.0480747853614005,1.0895080288608574,0.11764705882352941,169
local_walk,uniform,12,4,838,838,0,0,83,0.09904534606205251,4,4.0,0.4010160528184296,0.3856560913097845,1.0,1.0128162117037034,1.0848261892671707,0.0513126491646778,822
local_walk,uniform,12,5,882,882,0,0,98,0.1111111111111111,0,5.0,0.44535475814528785,0.43988414340891513,1.0,1.0073990506091042,1.1128853926462141,0.04195011337868481,871
local_walk,uniform,12,6,444,444,0,0,52,0.11711711711711711,1,6.0,0.4913598662566043,0.4859447890453915,1.0,1.0081222037986552,1.053983290156443,0.04054054054054054,436
local_walk,uniform,12,7,141,141,0,0,23,0.16312056737588654,1,7.0,0.5258693208351524,0.5160673573410122,1.0,1.0138307716079908,1.1011068919497853,0.07092198581560284,136
local_walk,uniform,12,8,19,19,0,0,1,0.05263157894736842,0,8.0,0.46169412685134953,0.46384672908734476,1.0,1.000424920125835,1.0042492012583493,0.0,18
local_walk,uniform,12,9,5,5,0,0,0,0.0,0,9.0,0.562266824157051,0.6160578969927386,1.0,1.0,1.0,0.0,5
local_walk,uniform,12,10,1,1,0,0,0,0.0,0,10.0,0.2876059396865724,0.2876059396865724,0.9999999999999999,0.9999999999999999,0.9999999999999999,0.0,1
local_walk,uniform,20,3,189,189,0,0,54,0.2857142857142857,1,3.0,0.3852417656856654,0.39471522055506986,1.0,1.057652650091102,1.0984071385495682,0.1746031746031746,188
local_walk,uniform,20,4,842,842,0,0,158,0.1876484560570071,5,4.0,0.4749131633285339,0.4904119708257966,1.0,1.0294867961663021,1.1276911076200788,0.09619952494061758,837
local_walk,uniform,20,5,847,847,0,0,164,0.1936245572609209,0,5.0,0.5244903295903279,0.5477475451135296,1.0,1.0184580364753468,1.092545046284716,0.07083825265643448,840
local_walk,uniform,20,6,427,427,0,0,96,0.22482435597189696,1,6.0,0.5723914561493132,0.5958572658867072,1.0,1.0214163788142085,1.0738644907796338,0.07728337236533958,425
local_walk,uniform,20,7,145,145,0,0,32,0.2206896551724138,1,7.0,0.6206419064681371,0.6632020556872886,1.0,1.0185222687359223,1.09858965716483,0.1103448275862069,145
local_walk,uniform,20,8,38,38,0,0,6,0.15789473684210525,0,8.0,0.5630331683566976,0.5407161205266167,1.0,1.0057201917621292,1.0249324155133879,0.05263157894736842,36
local_walk,uniform,20,9,9,9,0,0,1,0.1111111111111111,0,9.0,0.644344625846175,0.7150617770745432,1.0,1.0006871638167643,1.0011452730279402,0.0,9
local_walk,uniform,20,10,3,3,0,0,0,0.0,0,10.0,0.7376200581736452,0.7688732812595281,1.0,1.0000000000000002,1.0000000000000002,0.0,3
local_walk,uniform,32,3,190,190,0,0,74,0.3894736842105263,6,3.0,0.4355918248904042,0.4579914289258388,1.0000000000000002,1.0765377379690961,1.1398746097347234,0.2789473684210526,190
local_walk,uniform,32,4,788,788,0,0,245,0.31091370558375636,7,4.0,0.5183636444819365,0.5441449308480797,1.0,1.044151578049583,1.116938282672548,0.14974619289340102,785
local_walk,uniform,32,5,863,863,0,0,266,0.3082271147161066,3,5.0,0.5726944718118275,0.5981719950175435,1.0,1.0353511184869297,1.1128604037922698,0.13673232908458866,859
local_walk,uniform,32,6,463,463,0,0,146,0.31533477321814257,1,6.0,0.6210603810560984,0.6521849185412361,1.0,1.02963625284981,1.1087938422209165,0.14038876889848811,460
local_walk,uniform,32,7,152,152,0,0,47,0.3092105263157895,0,7.0,0.6576555732655724,0.6999505003447766,1.0,1.0465735661835007,1.0730328030910383,0.17763157894736842,151
local_walk,uniform,32,8,36,36,0,0,16,0.4444444444444444,0,8.0,0.7237553173891021,0.7818167186329067,1.0000000000000002,1.0226658887064775,1.04165091842597,0.1111111111111111,36
local_walk,uniform,32,9,5,5,0,0,0,0.0,0,9.0,0.76167798201983,0.8063828288005328,1.0,1.0000000000000002,1.0000000000000002,0.0,5
local_walk,uniform,32,10,2,2,0,0,0,0.0,0,10.0,0.6002793413258292,0.6002793413258292,1.0,1.0,1.0,0.0,2
local_walk,uniform,32,11,1,1,0,0,0,0.0,0,11.0,0.5876890703735675,0.5876890703735675,1.0,1.0,1.0,0.0,1
uniform_area,truncnorm,2,3,15,15,0,0,0,0.0,0,3.0,0.026831021162234864,0.02964665212562415,1.0,1.0000000000000002,1.0000000000000002,0.0,12
uniform_area,truncnorm,2,4,2440,2440,0,0,26,0.010655737704918032,0,4.0,0.44396092267304355,0.4643261367024006,1.0,1.0000000000000002,1.0005352805469283,0.0,2259
uniform_area,truncnorm,3,3,11,11,0,0,5,0.45454545454545453,0,3.0,0.40230954635121124,0.4761402760382355,1.0,1.0305648235727654,1.0392668688706104,0.2727272727272727,11
uniform_area,truncnorm,3,4,1141,1141,0,0,91,0.07975460122699386,0,4.0,0.525894197566229,0.5585952624938565,1.0,1.0007036486807317,1.066623251434235,0.020157756354075372,1106
uniform_area,truncnorm,3,5,939,939,0,0,122,0.1299254526091587,0,5.0,0.5656013357455553,0.6070048782754014,1.0,1.003916249580815,1.0944252688780063,0.026624068157614485,901
uniform_area,truncnorm,3,6,408,408,0,0,62,0.15196078431372548,0,6.0,0.6542839995951143,0.7017570889961652,1.0,1.006237842146142,1.0743951757937762,0.0392156862745098,399
uniform_area,truncnorm,4,3,8,8,0,0,5,0.625,0,3.0,0.5172224259840366,0.5147525289497937,1.0031463171451183,1.0591963012902197,1.061963100371048,0.375,8
uniform_area,truncnorm,4,4,813,813,0,0,113,0.13899138991389914,0,4.0,0.556136088342198,0.5902290829089831,1.0,1.0118703768130672,1.1424071207272022,0.055350553505535055,796
uniform_area,truncnorm,4,5,894,894,0,0,189,0.21140939597315436,0,5.0,0.6067621362572067,0.6421557758227205,1.0,1.0129193051635823,1.08180070287629,0.07046979865771812,873
uniform_area,truncnorm,4,6,629,629,0,0,148,0.23529411764705882,0,6.0,0.6620181423452864,0.6901102629893097,1.0,1.0147065568809306,1.0521573324825644,0.06677265500794913,619
uniform_area,truncnorm,4,7,143,143,0,0,32,0.22377622377622378,0,7.0,0.7027743141406498,0.7487914916844759,1.0,1.0104995333024052,1.0641653689437378,0.055944055944055944,138
uniform_area,truncnorm,4,8,13,13,0,0,2,0.15384615384615385,0,8.0,0.7189771931368496,0.7365570984476837,1.0,1.001665863643093,1.0041117189479056,0.0,13
uniform_area,truncnorm,6,3,11,11,0,0,8,0.7272727272727273,0,3.0,0.5092717122641687,0.5582467847682251,1.0338040374446766,1.0598878894211665,1.061963100371048,0.5454545454545454,11
uniform_area,truncnorm,6,4,600,600,0,0,118,0.19666666666666666,0,4.0,0.580055558298983,0.6102644882818955,1.0,1.018816327956241,1.0769553331648218,0.085,593
uniform_area,truncnorm,6,5,787,787,0,0,228,0.289707750952986,0,5.0,0.6284367024955549,0.6527244675487678,1.0,1.0227461432909029,1.0981467601077275,0.10800508259212198,776
uniform_area,truncnorm,6,6,689,689,0,0,205,0.29753265602322204,0,6.0,0.6836904221079991,0.7093643085734298,1.0,1.0157436965556788,1.0901329804148403,0.09288824383164006,678
uniform_area,truncnorm,6,7,324,324,0,0,98,0.30246913580246915,0,7.0,0.7187364443224793,0.7430402145089001,1.0,1.01771279572092,1.0684436636015324,0.08333333333333333,316
uniform_area,truncnorm,6,8,75,75,0,0,23,0.30666666666666664,0,8.0,0.7607632175781359,0.7800161349227918,1.0,1.0156330417324153,1.1089216300485967,0.09333333333333334,74
uniform_area,truncnorm,6,9,14,14,0,0,4,0.2857142857142857,0,9.0,0.7614519419839746,0.7515690187889966,1.0,1.035637582511103,1.0801199363851774,0.14285714285714285,14
uniform_area,truncnorm,8,3,9,9,0,0,5,0.5555555555555556,0,3.0,0.5200360163290415,0.5328616431278702,1.0002933968502332,1.0615416340612898,1.0619631003710508,0.3333333333333333,9
uniform_area,truncnorm,8,4,510,510,0,0,126,0.24705882352941178,0,4.0,0.5846916397946156,0.610185751944909,1.0,1.0256450655057234,1.1357381773001114,0.09019607843137255,503
uniform_area,truncnorm,8,5,797,797,0,0,277,0.3475533249686324,0,5.0,0.6435663641191828,0.6722846846599702,1.0,1.0255873407276823,1.1136154464856463,0.12296110414052698,789
uniform_area,truncnorm,8,6,688,688,0,0,231,0.33575581395348836,0,6.0,0.6924881052151562,0.7178422766385891,1.0,1.0190614686321788,1.0944896952732188,0.10610465116279069,679
uniform_area,truncnorm,8,7,350,350,0,0,126,0.36,0,7.0,0.7149976913431005,0.735135046886602,1.0,1.0239238103636763,1.0684436636015384,0.10571428571428572,345
uniform_area,truncnorm,8,8,110,110,0,0,28,0.2545454545454545,0,8.0,0.7496091523888694,0.7695132476204347,1.0,1.0151537745334638,1.0339104558721839,0.08181818181818182,106
uniform_area,truncnorm,8,9,30,30,0,0,15,0.5,0,9.0,0.7605553786725487,0.7876451517091305,1.0000002552982439,1.0245614872300177,1.04631692769963,0.1,29
uniform_area,truncnorm,8,10,6,6,0,0,1,0.16666666666666666,0,10.0,0.7706719045618825,0.7545352162025829,1.0,1.0573473179052435,1.0764630905403245,0.16666666666666666,6
uniform_area,truncnorm,12,3,11,11,0,0,9,0.8181818181818182,0,3.0,0.5352991311162576,0.5792118789613271,1.0338040374446829,1.0886659285184557,1.0985282566115386,0.5454545454545454,11
uniform_area,truncnorm,12,4,455,455,0,0,127,0.27912087912087913,0,4.0,0.5923476061161005,0.6117455683768946,1.0,1.0258025295315403,1.0966222581911849,0.10329670329670329,448
uniform_area,truncnorm,12,5,740,740,0,0,289,0.39054054054054055,0,5.0,0.6510897707295489,0.6800613648428371,1.0000000000000002,1.0292399797673966,1.106068649773218,0.13648648648648648,733
uniform_area,truncnorm,12,6,741,741,0,0,312,0.42105263157894735,0,6.0,0.6998919531503108,0.7216266286716069,1.0000000000000002,1.0315570784931007,1.0764900935838384,0.15654520917678813,735
uniform_area,truncnorm,12,7,365,365,0,0,164,0.44931506849315067,0,7.0,0.7410025289487888,0.7644563648817828,1.0000000000000002,1.0238228282720745,1.113060054450503,0.13424657534246576,362
uniform_area,truncnorm,12,8,141,141,0,0,60,0.425531914893617,0,8.0,0.7506552117825643,0.7744880361746089,1.0000000000000002,1.012161819128527,1.0421759351347561,0.10638297872340426,141
uniform_area,truncnorm,12,9,38,38,0,0,10,0.2631578947368421,0,9.0,0.7618902274473067,0.7947665839916506,1.0,1.0260895690460023,1.041703425138852,0.10526315789473684,37
uniform_area,truncnorm,12,10,8,8,0,0,3,0.375,0,10.0,0.8001244690707625,0.8104981502204855,1.0,1.013600278066194,1.0197953045846202,0.125,8
uniform_area,truncnorm,12,12,1,1,0,0,1,1.0,0,12.0,0.741401239904638,0.741401239904638,1.0015677417136712,1.0015677417136712,1.0015677417136712,0.0,1
uniform_area,truncnorm,20,3,11,11,0,0,8,0.7272727272727273,0,3.0,0.4715495237710284,0.5078805950663106,1.0100064911980997,1.0454771019116467,1.0494608661110105,0.5454545454545454,11
uniform_area,truncnorm,20,4,419,419,0,0,139,0.3317422434367542,0,4.0,0.6044893830711843,0.6240540600511907,1.0,1.0378362840387714,1.1127750390693598,0.15990453460620524,416
uniform_area,truncnorm,20,5,692,692,0,0,292,0.42196531791907516,0,5.0,0.6668586235281251,0.6879392167980736,1.0000000000000002,1.0298355153787075,1.1095053466593456,0.15606936416184972,683
uniform_area,truncnorm,20,6,728,728,0,0,320,0.43956043956043955,1,6.0,0.699382967510386,0.7210925387389958,1.0000000000000002,1.027598353490215,1.096367396717224,0.14285714285714285,722
uniform_area,truncnorm,20,7,415,415,0,0,182,0.43855421686746987,1,7.0,0.7387093888852054,0.7613469643654178,1.0000000000000002,1.025504200443148,1.0870976511367594,0.13493975903614458,413
uniform_area,truncnorm,20,8,163,163,0,0,89,0.5460122699386503,0,8.0,0.7682294617893375,0.7954037819068945,1.0000941644363435,1.0269096134777096,1.0774838435917093,0.17791411042944785,163
uniform_area,truncnorm,20,9,62,62,0,0,32,0.5161290322580645,0,9.0,0.8163660328717169,0.8322020163558315,1.0000699001840907,1.0326099360214054,1.049938796077862,0.16129032258064516,62
uniform_area,truncnorm,20,10,9,9,0,0,5,0.5555555555555556,0,10.0,0.8150714381463412,0.8638191338837441,1.0010680823222375,1.0141220798176518,1.0142926664834773,0.3333333333333333,9
uniform_area,truncnorm,20,11,1,1,0,0,0,0.0,0,11.0,0.8191251290759671,0.8191251290759671,0.9999999999999999,0.9999999999999999,0.9999999999999999,0.0,1
uniform_area,truncnorm,32,3,14,14,0,0,10,0.7142857142857143,0,3.0,0.4827787127554881,0.5101853732401884,1.0098753305977914,1.0433335368474626,1.0633051354644578,0.5,14
uniform_area,truncnorm,32,4,361,361,0,0,124,0.34349030470914127,0,4.0,0.6251797590604367,0.6351817723013646,1.0,1.0428052871593554,1.1103212195420593,0.14681440443213298,360
uniform_area,truncnorm,32,5,730,730,0,0,318,0.43561643835616437,1,5.0,0.6675670036943843,0.6907685030788613,1.0000000000000002,1.0324029926047247,1.1050709507686618,0.16164383561643836,724
uniform_area,truncnorm,32,6,733,733,0,0,332,0.4529331514324693,0,6.0,0.7080057414678191,0.7295340684818933,1.0000000000000002,1.029303855938986,1.0997712006786788,0.16234652114597545,728
uniform_area,truncnorm,32,7,424,424,0,0,188,0.44339622641509435,0,7.0,0.7478817932376243,0.7790315999086409,1.0000000000000002,1.0300559498476949,1.0948078960640817,0.1580188679245283,423
uniform_area,truncnorm,32,8,172,172,0,0,87,0.5058139534883721,0,8.0,0.7750437150742514,0.7923124745704846,1.000001081351949,1.0325833373335784,1.083329409089051,0.1511627906976744,171
uniform_area,truncnorm,32,9,53,53,0,0,25,0.4716981132075472,0,9.0,0.8010854976996329,0.8134309773330628,1.0000000000000002,1.0179440733532246,1.0694437182837588,0.16981132075471697,53
uniform_area,truncnorm,32,10,13,13,0,0,5,0.38461538461538464,0,10.0,0.7919104909111805,0.795369778801674,1.0,1.0213625008536682,1.0249936949464087,0.15384615384615385,13
uniform_area,uniform,2,3,30,30,0,0,0,0.0,0,3.0,0.029537659370699194,0.029342811891939005,1.0,1.0000000000000002,1.0000000000000002,0.0,28
uniform_area,uniform,2,4,2424,2424,0,0,25,0.010313531353135313,0,4.0,0.44651443979572214,0.4669069597620481,1.0,1.0000000000000002,1.0005166350497183,0.0,2244
uniform_area,uniform,3,3,169,169,0,0,67,0.39644970414201186,2,3.0,0.4084815819021296,0.4358773918698148,1.0,1.0559300062112134,1.1132628243183131,0.23668639053254437,167
uniform_area,uniform,3,4,1322,1322,0,0,175,0.132375189107413,3,4.0,0.5078034742715108,0.5383623025922691,1.0,1.010201186941658,1.1089066165176422,0.05068078668683813,1280
uniform_area,uniform,3,5,753,753,0,0,93,0.12350597609561753,3,5.0,0.5517848671621576,0.5904692378718498,1.0,1.0043751499443279,1.0564135261510736,0.035856573705179286,725
uniform_area,uniform,3,6,254,254,0,0,33,0.12992125984251968,0,6.0,0.6555829901039861,0.696462861194953,1.0,1.0026922054965803,1.0541065202822493,0.015748031496062992,250
uniform_area,uniform,4,3,167,167,0,0,81,0.48502994011976047,4,3.0,0.45102555862034294,0.471212041105685,1.0000000000000002,1.0587712935255262,1.1359854979536959,0.31736526946107785,165
uniform_area,uniform,4,4,1045,1045,0,0,254,0.2430622009569378,4,4.0,0.5319164230433208,0.5589537464421646,1.0,1.0292992629401492,1.1059174812856152,0.11483253588516747,1023
uniform_area,uniform,4,5,861,861,0,0,196,0.22764227642276422,2,5.0,0.5819309263914838,0.6212618843091509,1.0,1.0210490956342564,1.1117419055116469,0.08130081300813008,848
uniform_area,uniform,4,6,359,359,0,0,72,0.20055710306406685,3,6.0,0.6485107076008918,0.6721828264909685,1.0,1.01315618608098,1.0722178301340628,0.06128133704735376,353
uniform_area,uniform,4,7,64,64,0,0,18,0.28125,0,7.0,0.6954026247370975,0.7311909284165962,1.0,1.006225112082609,1.018520773490845,0.046875,64
uniform_area,uniform,4,8,4,4,0,0,0,0.0,0,8.0,0.7108102640451133,0.7183147118138559,1.0,1.0000000000000002,1.0000000000000002,0.0,4
uniform_area,uniform,6,3,180,180,0,0,90,0.5,3,3.0,0.4650318278477707,0.501839591286412,1.000000011492037,1.0825191889756036,1.1279457700751236,0.3333333333333333,180
uniform_area,uniform,6,4,887,887,0,0,290,0.3269447576099211,8,4.0,0.5530924254805343,0.577950460616447,1.0,1.0391399839355588,1.106531618289918,0.1668545659526494,877
uniform_area,uniform,6,5,868,868,0,0,308,0.3548387096774194,10,5.0,0.603261043394533,0.6330465080692522,1.0000000000000002,1.0312227656717121,1.1109129963730249,0.1543778801843318,861
uniform_area,uniform,6,6,427,427,0,0,130,0.3044496487119438,2,6.0,0.6546724289558921,0.6840360779610893,1.0,1.0227269211399073,1.0957334943221377,0.1053864168618267,419
uniform_area,uniform,6,7,113,113,0,0,36,0.3185840707964602,3,7.0,0.6776791633745542,0.6956090123307919,1.0000000000000002,1.019092109987423,1.0433392478165229,0.07964601769911504,112
uniform_area,uniform,6,8,25,25,0,0,3,0.12,0,8.0,0.6992808417867745,0.7248319480667454,1.0,1.0013587812794695,1.0187485450778104,0.04,25
uniform_area,uniform,8,3,181,181,0,0,95,0.5248618784530387,1,3.0,0.46349608922349483,0.4925547440192928,1.0002240699336566,1.066944912117695,1.1358835559078968,0.27624309392265195,181
uniform_area,uniform,8,4,853,853,0,0,317,0.3716295427901524,14,4.0,0.5535270713927003,0.5749415067611311,1.0000000000000002,1.0443960032762847,1.117364685233317,0.1981242672919109,845
uniform_area,uniform,8,5,879,879,0,0,338,0.3845278725824801,6,5.0,0.6171503652645138,0.6398022383247312,1.0,1.0377060899953483,1.1262273385819053,0.15358361774744028,870
uniform_area,uniform,8,6,437,437,0,0,164,0.37528604118993136,5,6.0,0.6602510112480914,0.6862864455582505,1.0000000000000002,1.0258276235161503,1.1013179767811612,0.12814645308924486,434
uniform_area,uniform,8,7,127,127,0,0,40,0.31496062992125984,3,7.0,0.7017491526455788,0.740665192941039,1.0,1.02335137993961,1.0737806615673473,0.07874015748031496,124
uniform_area,uniform,8,8,18,18,0,0,5,0.2777777777777778,0,8.0,0.6961742110700904,0.7328086205892602,1.0,1.02285951507692,1.0300539251191736,0.16666666666666666,18
uniform_area,uniform,8,9,4,4,0,0,2,0.5,0,9.0,0.745865995149354,0.7134516466642004,1.0096052288579203,1.0355747466636656,1.0384625623603405,0.5,4
uniform_area,uniform,8,10,1,1,0,0,1,1.0,0,10.0,0.7455917982723524,0.7455917982723524,1.0175452132440728,1.0175452132440728,1.0175452132440728,1.0,1
uniform_area,uniform,12,3,188,188,0,0,90,0.4787234042553192,5,3.0,0.4551459046927669,0.4763156006068653,1.0000000000000002,1.0814665589523742,1.140552617149656,0.3191489361702128,187
uniform_area,uniform,12,4,790,790,0,0,349,0.4417721518987342,11,4.0,0.5595357566658334,0.583063628628931,1.0000000000000002,1.0469233008930146,1.142963021264401,0.2088607594936709,783
uniform_area,uniform,12,5,889,889,0,0,348,0.3914510686164229,6,5.0,0.6205932995451203,0.6452036865875613,1.0000000000000002,1.0417567787823288,1.113413537613053,0.1766029246344207,884
uniform_area,uniform,12,6,454,454,0,0,193,0.4251101321585903,8,6.0,0.6547995709968233,0.6713515974049094,1.0000000000000002,1.0398981142251227,1.126636796155542,0.15418502202643172,451
uniform_area,uniform,12,7,151,151,0,0,79,0.5231788079470199,2,7.0,0.700961444116,0.7277809634966241,1.0000096166228025,1.055908435233519,1.080411040955089,0.2052980132450331,149
uniform_area,uniform,12,8,25,25,0,0,7,0.28,0,8.0,0.7395039676958324,0.7537692241701914,1.0,1.010377605696516,1.024575459035875,0.08,25
uniform_area,uniform,12,9,3,3,0,0,3,1.0,0,9.0,0.8762451810849292,0.8630310985760099,1.0017255290262779,1.0084533963701352,1.0092009371861193,0.0,3
uniform_area,uniform,20,3,181,181,0,0,85,0.4696132596685083,3,3.0,0.45157007385898285,0.47595482238401265,1.0000000000000002,1.0605309309475148,1.1187214262972545,0.287292817679558,180
uniform_area,uniform,20,4,775,775,0,0,360,0.4645161290322581,15,4.0,0.5723633091290786,0.5915835310499118,1.0000000000000002,1.0545949950828604,1.126174925494031,0.24645161290322581,771
uniform_area,uniform,20,5,903,903,0,0,435,0.48172757475083056,10,5.0,0.6385289325685338,0.6640710618766679,1.0000000000000002,1.0389550222816022,1.113584043869815,0.23809523809523808,898
uniform_area,uniform,20,6,440,440,0,0,210,0.4772727272727273,3,6.0,0.6706749337620737,0.6936379840504675,1.0000000000000002,1.0392766241379858,1.118667906476929,0.17954545454545454,437
uniform_area,uniform,20,7,160,160,0,0,81,0.50625,1,7.0,0.6973624027839371,0.727064469557875,1.0000007883951825,1.0376737561473086,1.086019881446451,0.2,160
uniform_area,uniform,20,8,36,36,0,0,14,0.3888888888888889,1,8.0,0.7339637753793387,0.746554360926726,1.0000000000000002,1.0291609154880303,1.0411187264753,0.19444444444444445,36
uniform_area,uniform,20,9,5,5,0,0,4,0.8,0,9.0,0.7851756328702922,0.7989009248053217,1.008849402893502,1.0102339290585183,1.0104921770266186,0.2,5
uniform_area,uniform,32,3,183,183,0,0,99,0.5409836065573771,5,3.0,0.4679739936447737,0.48623919600857285,1.0003621298874097,1.0541683771415544,1.1238875785940032,0.34972677595628415,182
uniform_area,uniform,32,4,757,757,0,0,346,0.4570673712021136,13,4.0,0.5666668125079187,0.5828284905431995,1.0000000000000002,1.0499195487245299,1.1427074256417196,0.23778071334214002,755
uniform_area,uniform,32,5,852,852,0,0,409,0.4800469483568075,13,5.0,0.6362786041918168,0.6579045587869178,1.0000000000000002,1.044597500821401,1.131037657840958,0.22887323943661972,849
uniform_area,uniform,32,6,505,505,0,0,241,0.4772277227722772,9,6.0,0.6853355466902897,0.709935879185464,1.0000000000000002,1.0425649860135164,1.0891557517132144,0.1900990099009901,503
uniform_area,uniform,32,7,158,158,0,0,75,0.47468354430379744,3,7.0,0.7195095662882297,0.7299779585309135,1.0000000000000002,1.0231079209008556,1.0612755562796568,0.11392405063291139,158
uniform_area,uniform,32,8,38,38,0,0,22,0.5789473684210527,0,8.0,0.7410854625747817,0.7467275501928903,1.0016807610824188,1.036285774262789,1.0639522669290413,0.23684210526315788,38
uniform_area,uniform,32,9,7,7,0,0,3,0.42857142857142855,0,9.0,0.7484870394684882,0.7287563349999727,1.0,1.0311340204260426,1.0414315644815209,0.14285714285714285,7
